code,market,industry_type,name,open,high,low,close,psr,per,pbr,volume,unit,market_capitalization,issued_shares,dt,crawl_datetime
1436,東証マザーズ,業種建設業,フィット,617.0,626.0,556.0,560.0,0.47,,0.56,"11,500",100,"2,398百万円","4,282千株",2020-03-01,2020-03-01T18:21:20
1438,名証２部,業種建設業,岐阜造園,"1,300.0","1,300.0","1,250.0","1,250.0",0.44,10.46,0.71,"2,000",100,"1,814百万円","1,451千株",2020-03-01,2020-03-01T18:21:22
1439,東証JASDAQ（スタンダード）,業種建設業,安江工務店,915.0,925.0,881.0,881.0,0.22,9.28,0.77,"13,000",100,"1,153百万円","1,309千株",2020-03-01,2020-03-01T18:21:23
1446,東証１部,業種建設業,キャンディル,531.0,561.0,519.0,520.0,0.40,21.43,1.70,"172,800",100,"5,382百万円","10,351千株",2020-03-01,2020-03-01T18:21:25
1449,札証ア,業種建設業,ＦＵＪＩジャパン,480.0,481.0,416.0,424.0,0.59,14.91,3.08,"5,700",100,903百万円,"2,130千株",2020-03-01,2020-03-01T18:21:27
1450,東証JASDAQ（スタンダード）,業種建設業,田中建設工業,"2,961.0","2,998.0","2,920.0","2,920.0",1.01,11.24,1.77,"1,700",100,"6,350百万円","2,174千株",2020-03-01,2020-03-01T18:21:29
1451,東証２部,業種建設業,ＫＨＣ,691.0,696.0,659.0,680.0,0.19,5.20,0.50,"91,700",100,"2,669百万円","3,926千株",2020-03-01,2020-03-01T18:21:31
1887,東証１部,業種建設業,日本国土開発,513.0,523.0,504.0,507.0,0.41,3.62,0.77,"387,400",100,"49,815百万円","98,255千株",2020-03-01,2020-03-01T18:21:33
2334,東証マザーズ,業種サービス業,イオレ,"1,410.0","1,445.0","1,250.0","1,337.0",1.58,52.32,2.70,"85,500",100,"3,091百万円","2,312千株",2020-03-01,2020-03-01T18:21:34
2424,東証１部,業種サービス業,ブラス,620.0,629.0,609.0,610.0,0.33,9.42,0.96,"28,500",100,"3,482百万円","5,709千株",2020-03-01,2020-03-01T18:21:36
2820,東証１部,業種食料品,やまみ,"2,027.0","2,035.0","1,943.0","1,958.0",1.24,19.49,2.19,"25,000",100,"13,585百万円","6,938千株",2020-03-01,2020-03-01T18:21:38
2884,東証１部,業種食料品,ヨシムラ・フード・ホールディングス,940.0,953.0,881.0,888.0,0.83,73.75,4.28,"385,700",100,"19,688百万円","22,171千株",2020-03-01,2020-03-01T18:21:40
2970,東証JASDAQ（スタンダード）,業種不動産業,グッドライフカンパニー,"3,390.0","3,925.0","3,355.0","3,550.0",1.09,13.81,2.56,"40,200",100,"4,981百万円","1,403千株",2020-03-01,2020-03-01T18:21:42
2971,東証REIT,業種REIT,エスコンジャパンリート投資法人,"117,900.0","119,900.0","114,000.0","114,100.0",,,,"4,381",1,"32,288百万円",282千株,2020-03-01,2020-03-01T18:21:43
2972,東証REIT,業種REIT,サンケイリアルエステート投資法人,"120,400.0","123,900.0","119,300.0","120,600.0",,,,"3,201",1,"43,030百万円",356千株,2020-03-01,2020-03-01T18:21:45
2974,福証,業種不動産業,大英産業,972.0,976.0,956.0,956.0,0.10,2.31,0.53,700,100,"3,117百万円","3,261千株",2020-03-01,2020-03-01T18:21:47
2976,札証ア,業種不動産業,日本グランデ,950.0,950.0,803.0,803.0,0.18,,,"4,700",100,923百万円,"1,150千株",2020-03-01,2020-03-01T18:21:48
2978,東証マザーズ,業種不動産業,ツクルバ,"1,144.0","1,144.0","1,000.0","1,030.0",6.34,768.65,6.51,"109,400",100,"9,611百万円","9,331千株",2020-03-01,2020-03-01T18:21:50
2979,東証REIT,業種REIT,ＳＯＳｉＬＡ物流リート投資法人,"120,500.0","123,500.0","117,500.0","119,500.0",,,,"6,323",1,"61,464百万円",514千株,2020-03-01,2020-03-01T18:21:52
2980,東証マザーズ,業種不動産業,ＳＲＥホールディングス,"2,125.0","2,150.0","1,990.0","2,036.0",10.64,,,"80,300",100,"30,818百万円","15,137千株",2020-03-01,2020-03-01T18:21:53
2981,東証マザーズ,業種不動産業,ランディックス,"1,793.0","1,900.0","1,710.0","1,715.0",0.72,,,"71,600",100,"4,689百万円","2,734千株",2020-03-01,2020-03-01T18:21:55
3267,東証１部,業種建設業,フィル・カンパニー,"3,360.0","3,470.0","2,983.0","3,000.0",2.46,28.13,5.81,"132,400",100,"17,334百万円","5,778千株",2020-03-01,2020-03-01T18:21:57
3446,東証マザーズ,業種金属製品,ジェイテックコーポレーション,"2,840.0","2,929.0","2,833.0","2,863.0",13.03,50.13,6.84,"81,600",100,"16,748百万円","5,850千株",2020-03-01,2020-03-01T18:21:59
3447,東証１部,業種金属製品,信和,944.0,959.0,920.0,954.0,0.76,9.89,1.03,"66,800",100,"13,345百万円","13,988千株",2020-03-01,2020-03-01T18:22:01
3449,東証２部,業種金属製品,テクノフレックス,934.0,950.0,903.0,910.0,1.02,9.62,1.04,"124,100",100,"19,437百万円","21,360千株",2020-03-01,2020-03-01T18:22:02
3466,東証REIT,業種REIT,ラサールロジポート投資法人,"163,100.0","164,600.0","157,000.0","158,000.0",,,,"10,067",1,"215,354百万円","1,363千株",2020-03-01,2020-03-01T18:22:04
3467,東証１部,業種不動産業,アグレ都市デザイン,461.0,462.0,444.0,444.0,0.16,10.28,0.97,"45,100",100,"2,531百万円","5,701千株",2020-03-01,2020-03-01T18:22:06
3468,東証REIT,業種REIT,スターアジア不動産投資法人,"102,100.0","102,600.0","100,000.0","100,600.0",,,,"7,621",1,"54,406百万円",540千株,2020-03-01,2020-03-01T18:22:07
3469,東証２部,業種不動産業,デュアルタップ,368.0,377.0,328.0,328.0,0.11,5.94,0.61,"182,500",100,"1,125百万円","3,430千株",2020-03-01,2020-03-01T18:22:09
3470,東証REIT,業種REIT,マリモ地方創生リート投資法人,"116,500.0","117,900.0","111,400.0","113,100.0",,,,"1,991",1,"17,268百万円",152千株,2020-03-01,2020-03-01T18:22:11
3471,東証REIT,業種REIT,三井不動産ロジスティクスパーク投資法人,"499,000.0","500,000.0","475,500.0","482,500.0",,,,"3,793",1,"212,782百万円",441千株,2020-03-01,2020-03-01T18:22:12
3472,東証REIT,業種REIT,大江戸温泉リート投資法人,"81,500.0","82,900.0","78,000.0","78,700.0",,,,"3,246",1,"18,521百万円",235千株,2020-03-01,2020-03-01T18:22:14
3473,東証REIT,業種REIT,さくら総合リート投資法人,"85,000.0","85,900.0","82,300.0","83,000.0",,,,"2,462",1,"27,639百万円",333千株,2020-03-01,2020-03-01T18:22:15
3474,東証マザーズ,業種不動産業,Ｇ－ＦＡＣＴＯＲＹ,281.0,299.0,257.0,279.0,0.47,,1.12,"36,900",100,"1,881百万円","6,744千株",2020-03-01,2020-03-01T18:22:17
3475,東証１部,業種不動産業,グッドコムアセット,"1,552.0","1,575.0","1,494.0","1,498.0",0.47,9.54,1.56,"136,100",100,"11,004百万円","7,345千株",2020-03-01,2020-03-01T18:22:19
3476,東証REIT,業種REIT,投資法人みらい,"52,900.0","53,400.0","49,800.0","50,000.0",,,,"42,502",1,"83,112百万円","1,662千株",2020-03-01,2020-03-01T18:22:20
3477,東証マザーズ,業種不動産業,フォーライフ,916.0,923.0,848.0,849.0,0.21,12.39,0.71,"22,500",100,"1,698百万円","2,000千株",2020-03-01,2020-03-01T18:22:22
3478,東証REIT,業種REIT,森トラスト・ホテルリート投資法人,"129,100.0","129,400.0","124,400.0","127,200.0",,,,"5,223",1,"63,600百万円",500千株,2020-03-01,2020-03-01T18:22:24
3479,東証マザーズ,業種不動産業,ティーケーピー,"2,644.0","2,700.0","2,534.0","2,560.0",2.74,44.09,9.05,"485,300",100,"97,425百万円","38,056千株",2020-03-01,2020-03-01T18:22:25
3480,東証１部,業種不動産業,ジェイ・エス・ビー,"4,455.0","4,520.0","4,350.0","4,350.0",0.49,8.98,1.42,"15,200",100,"21,110百万円","4,852千株",2020-03-01,2020-03-01T18:22:27
3481,東証REIT,業種REIT,三菱地所物流リート投資法人,"396,000.0","399,000.0","378,000.0","382,000.0",,,,"3,780",1,"116,821百万円",305千株,2020-03-01,2020-03-01T18:22:29
3482,東証マザーズ,業種不動産業,ロードスターキャピタル,781.0,811.0,765.0,770.0,1.09,7.90,2.11,"218,700",100,"16,511百万円","21,444千株",2020-03-01,2020-03-01T18:22:30
3484,東証１部,業種不動産業,テンポイノベーション,783.0,801.0,760.0,765.0,1.65,25.77,6.47,"257,400",100,"13,635百万円","17,824千株",2020-03-01,2020-03-01T18:22:32
3486,東証１部,業種不動産業,グローバル・リンク・マネジメント,670.0,670.0,616.0,618.0,0.18,5.38,1.21,"73,200",100,"4,674百万円","7,564千株",2020-03-01,2020-03-01T18:22:34
3487,東証REIT,業種REIT,ＣＲＥロジスティクスファンド投資法人,"132,800.0","135,500.0","129,600.0","130,500.0",,,,"3,946",1,"45,316百万円",347千株,2020-03-01,2020-03-01T18:22:36
3488,東証REIT,業種REIT,ザイマックス・リート投資法人,"124,000.0","125,100.0","120,100.0","121,000.0",,,,"3,021",1,"27,031百万円",223千株,2020-03-01,2020-03-01T18:22:37
3489,東証マザーズ,業種不動産業,フェイスネットワーク,"1,190.0","1,269.0","1,162.0","1,262.0",0.44,9.84,1.64,"36,000",100,"6,284百万円","4,980千株",2020-03-01,2020-03-01T18:22:39
3490,東証JASDAQ（スタンダード）,業種不動産業,アズ企画設計,"1,155.0","1,169.0","1,006.0","1,060.0",0.19,4.91,0.67,"16,200",100,"1,008百万円",951千株,2020-03-01,2020-03-01T18:22:41
3491,東証マザーズ,業種不動産業,ＧＡｔｅｃｈｎｏｌｏｇｉｅｓ,"2,621.0","2,730.0","2,561.0","2,591.0",0.63,45.49,4.32,"110,100",100,"24,880百万円","9,602千株",2020-03-01,2020-03-01T18:22:42
3492,東証REIT,業種REIT,タカラレーベン不動産投資法人,"106,500.0","111,500.0","106,000.0","107,700.0",,,,"10,346",1,"49,811百万円",462千株,2020-03-01,2020-03-01T18:22:44
3493,東証REIT,業種REIT,伊藤忠アドバンス・ロジスティクス投資法人,"121,000.0","121,900.0","115,900.0","116,700.0",,,,"8,257",1,"56,716百万円",486千株,2020-03-01,2020-03-01T18:22:46
3494,東証JASDAQ（スタンダード）,業種不動産業,マリオン,"1,177.0","1,177.0","1,100.0","1,100.0",0.64,7.78,0.49,"1,500",100,"1,762百万円","1,602千株",2020-03-01,2020-03-01T18:22:47
3495,東証JASDAQ（スタンダード）,業種不動産業,香陵住販,"1,404.0","1,422.0","1,360.0","1,360.0",0.28,4.77,0.60,"6,600",100,"1,776百万円","1,305千株",2020-03-01,2020-03-01T18:22:49
3496,東証マザーズ,業種不動産業,アズーム,"2,160.0","2,352.0","2,080.0","2,259.0",1.20,58.61,3.69,"47,100",100,"3,300百万円","1,461千株",2020-03-01,2020-03-01T18:22:50
3497,東証マザーズ,業種不動産業,リーガル不動産,875.0,875.0,820.0,850.0,0.11,3.27,0.73,"85,000",100,"2,665百万円","3,135千株",2020-03-01,2020-03-01T18:22:52
3498,東証マザーズ,業種不動産業,霞ヶ関キャピタル,"3,135.0","3,275.0","2,953.0","3,000.0",1.79,18.34,6.18,"38,900",100,"9,620百万円","3,206千株",2020-03-01,2020-03-01T18:22:54
3504,名証２部,業種繊維製品,丸八ホールディングス,769.0,779.0,749.0,767.0,0.85,14.58,0.27,"54,500",100,"12,716百万円","16,579千株",2020-03-01,2020-03-01T18:22:56
3537,東証JASDAQ（スタンダード）,業種卸売業,昭栄薬品,969.0,"1,003.0",969.0,971.0,0.17,12.68,0.43,"10,300",100,"3,475百万円","3,579千株",2020-03-01,2020-03-01T18:22:58
3538,東証１部,業種小売業,ウイルプラスホールディングス,661.0,673.0,641.0,641.0,0.20,8.18,1.15,"65,000",100,"6,258百万円","9,764千株",2020-03-01,2020-03-01T18:22:59
3539,東証１部,業種小売業,ＪＭホールディングス,"2,156.0","2,156.0","2,022.0","2,122.0",0.49,20.09,2.18,"77,500",100,"56,613百万円","26,679千株",2020-03-01,2020-03-01T18:23:01
3540,東証JASDAQ（スタンダード）,業種卸売業,歯愛メディカル,"2,531.0","2,646.0","2,430.0","2,462.0",0.85,16.35,2.24,"30,300",100,"24,620百万円","10,000千株",2020-03-01,2020-03-01T18:23:02
3541,東証マザーズ,業種卸売業,農業総合研究所,387.0,389.0,350.0,355.0,2.40,,12.51,"233,100",100,"7,456百万円","21,005千株",2020-03-01,2020-03-01T18:23:04
3542,東証マザーズ,業種小売業,ベガコーポレーション,509.0,532.0,479.0,479.0,0.37,,1.39,"19,700",100,"4,969百万円","10,374千株",2020-03-01,2020-03-01T18:23:06
3543,東証１部,業種卸売業,コメダホールディングス,"1,811.0","1,869.0","1,810.0","1,828.0",2.77,16.12,2.85,"557,500",100,"84,177百万円","46,048千株",2020-03-01,2020-03-01T18:23:08
3545,東証１部,業種小売業,デファクトスタンダード,380.0,389.0,367.0,385.0,0.30,87.10,0.97,"75,100",100,"3,518百万円","9,140千株",2020-03-01,2020-03-01T18:23:09
3547,東証１部,業種小売業,串カツ田中ホールディングス,"1,621.0","1,683.0","1,534.0","1,558.0",1.44,31.46,5.16,"408,700",100,"14,464百万円","9,284千株",2020-03-01,2020-03-01T18:23:11
3548,東証１部,業種小売業,バロックジャパンリミテッド,820.0,825.0,802.0,805.0,0.41,9.88,1.44,"248,000",100,"29,524百万円","36,676千株",2020-03-01,2020-03-01T18:23:13
3550,東証マザーズ,業種小売業,スタジオアタオ,477.0,477.0,441.0,441.0,1.33,10.37,2.96,"208,900",100,"5,622百万円","12,750千株",2020-03-01,2020-03-01T18:23:14
3556,東証マザーズ,業種小売業,リネットジャパングループ,470.0,485.0,430.0,432.0,0.52,17.10,1.74,"396,200",100,"4,497百万円","10,410千株",2020-03-01,2020-03-01T18:23:16
3557,東証マザーズ,業種小売業,ユナイテッド＆コレクティブ,"1,214.0","1,261.0","1,199.0","1,199.0",0.49,53.52,2.25,"20,600",100,"3,610百万円","3,011千株",2020-03-01,2020-03-01T18:23:18
3558,東証マザーズ,業種小売業,ロコンド,963.0,989.0,862.0,874.0,1.49,,3.23,"703,700",100,"10,006百万円","11,449千株",2020-03-01,2020-03-01T18:23:20
3559,東証１部,業種卸売業,ピーバンドットコム,960.0,992.0,917.0,925.0,1.97,17.31,4.05,"145,100",100,"4,159百万円","4,496千株",2020-03-01,2020-03-01T18:23:21
3560,東証JASDAQ（スタンダード）,業種小売業,ほぼ日,"4,270.0","4,305.0","4,105.0","4,170.0",1.76,21.91,2.67,"3,700",100,"9,671百万円","2,319千株",2020-03-01,2020-03-01T18:23:23
3561,東証１部,業種小売業,力の源ホールディングス,731.0,753.0,705.0,710.0,0.61,27.03,3.59,"194,900",100,"16,968百万円","23,898千株",2020-03-01,2020-03-01T18:23:25
3562,東証JASDAQ（スタンダード）,業種卸売業,Ｎｏ．１,"1,006.0","1,037.0",900.0,933.0,0.35,13.36,1.56,"72,400",100,"2,935百万円","3,146千株",2020-03-01,2020-03-01T18:23:26
3563,東証１部,業種小売業,スシローグローバルホールディングス,"7,470.0","7,950.0","7,340.0","7,700.0",1.12,22.43,4.71,"862,200",100,"223,396百万円","29,012千株",2020-03-01,2020-03-01T18:23:28
3564,東証１部,業種小売業,ＬＩＸＩＬビバ,"2,112.0","2,134.0","1,993.0","2,029.0",0.50,4.89,1.44,"1,771,900",100,"90,736百万円","44,720千株",2020-03-01,2020-03-01T18:23:31
3565,東証１部,業種卸売業,アセンテック,"2,962.0","3,045.0","2,635.0","2,787.0",3.45,69.39,13.34,"298,800",100,"18,844百万円","6,761千株",2020-03-01,2020-03-01T18:23:33
3566,東証マザーズ,業種小売業,ユニフォームネクスト,"1,270.0","1,270.0","1,206.0","1,211.0",0.63,12.37,1.47,"7,300",100,"3,007百万円","2,483千株",2020-03-01,2020-03-01T18:23:34
3611,東証１部,業種繊維製品,マツオカコーポレーション,"1,784.0","1,793.0","1,672.0","1,695.0",0.26,4.99,0.67,"57,900",100,"17,001百万円","10,030千株",2020-03-01,2020-03-01T18:23:36
3612,東証１部,業種繊維製品,ワールド,"2,039.0","2,061.0","1,999.0","2,013.0",0.27,5.67,0.88,"176,400",100,"69,229百万円","34,390千株",2020-03-01,2020-03-01T18:23:38
3922,東証１部,業種情報・通信業,ＰＲＴＩＭＥＳ,"2,071.0","2,138.0","1,968.0","1,999.0",5.88,42.52,7.13,"89,000",100,"13,450百万円","6,728千株",2020-03-01,2020-03-01T18:23:39
3930,東証マザーズ,業種情報・通信業,はてな,"1,808.0","1,888.0","1,760.0","1,765.0",2.06,15.53,2.77,"68,300",100,"5,212百万円","2,953千株",2020-03-01,2020-03-01T18:23:41
3931,東証マザーズ,業種情報・通信業,バリューゴルフ,885.0,922.0,843.0,913.0,0.35,15.99,1.65,"18,300",100,"1,636百万円","1,792千株",2020-03-01,2020-03-01T18:23:43
3932,東証１部,業種情報・通信業,アカツキ,"4,225.0","4,355.0","4,095.0","4,130.0",2.04,7.27,2.42,"312,400",100,"57,660百万円","13,961千株",2020-03-01,2020-03-01T18:23:45
3933,東証JASDAQ（スタンダード）,業種情報・通信業,チエル,"2,259.0","2,382.0","1,870.0","2,074.0",3.96,754.18,5.44,"1,813,200",100,"8,057百万円","3,885千株",2020-03-01,2020-03-01T18:23:47
3934,東証１部,業種情報・通信業,ベネフィットジャパン,"1,457.0","1,527.0","1,319.0","1,335.0",1.27,13.44,2.24,"110,900",100,"7,871百万円","5,896千株",2020-03-01,2020-03-01T18:23:48
3935,東証マザーズ,業種情報・通信業,エディア,521.0,535.0,465.0,468.0,1.41,,6.31,"865,200",100,"2,835百万円","6,059千株",2020-03-01,2020-03-01T18:23:50
3936,東証マザーズ,業種情報・通信業,グローバルウェイ,"1,216.0","1,245.0","1,151.0","1,155.0",1.00,,6.44,"17,000",100,"1,347百万円","1,166千株",2020-03-01,2020-03-01T18:23:52
3937,東証１部,業種情報・通信業,Ｕｂｉｃｏｍホールディングス,"1,092.0","1,129.0","1,074.0","1,096.0",3.59,33.65,7.55,"298,500",100,"12,766百万円","11,648千株",2020-03-01,2020-03-01T18:23:54
3938,東証１部,業種情報・通信業,ＬＩＮＥ,"5,360.0","5,370.0","5,310.0","5,310.0",5.63,,7.33,"995,700",100,"1,280,809百万円","241,207千株",2020-03-01,2020-03-01T18:23:56
3939,東証１部,業種情報・通信業,カナミックネットワーク,585.0,601.0,568.0,575.0,16.42,77.28,18.57,"351,200",100,"27,675百万円","48,132千株",2020-03-01,2020-03-01T18:23:58
3940,東証１部,業種情報・通信業,ノムラシステムコーポレーション,401.0,414.0,384.0,384.0,1.83,18.21,1.91,"108,700",100,"4,417百万円","11,505千株",2020-03-01,2020-03-01T18:24:00
3960,東証マザーズ,業種情報・通信業,バリューデザイン,"2,789.0","2,854.0","2,611.0","2,684.0",1.94,,5.67,"51,400",100,"4,014百万円","1,495千株",2020-03-01,2020-03-01T18:24:01
3961,東証マザーズ,業種情報・通信業,シルバーエッグ・テクノロジー,"1,158.0","1,158.0","1,056.0","1,056.0",3.10,,3.50,"38,100",100,"3,102百万円","2,938千株",2020-03-01,2020-03-01T18:24:03
3962,東証１部,業種情報・通信業,チェンジ,"3,655.0","3,720.0","3,350.0","3,380.0",7.53,129.25,8.48,"478,600",100,"53,160百万円","15,728千株",2020-03-01,2020-03-01T18:24:05
3963,東証１部,業種情報・通信業,シンクロ・フード,346.0,348.0,320.0,325.0,4.89,19.79,3.63,"446,300",100,"8,740百万円","26,893千株",2020-03-01,2020-03-01T18:24:07
3964,東証１部,業種情報・通信業,オークネット,"1,062.0","1,081.0","1,041.0","1,050.0",1.48,20.61,1.59,"24,400",100,"29,158百万円","27,770千株",2020-03-01,2020-03-01T18:24:08
3965,東証２部,業種情報・通信業,キャピタル・アセット・プランニング,"1,028.0","1,059.0",991.0,"1,011.0",0.79,13.17,1.79,"63,000",100,"5,771百万円","5,708千株",2020-03-01,2020-03-01T18:24:10
3966,東証マザーズ,業種情報・通信業,ユーザベース,"1,641.0","1,671.0","1,567.0","1,593.0",4.19,,7.36,"417,500",100,"52,536百万円","32,979千株",2020-03-01,2020-03-01T18:24:12
3967,東証マザーズ,業種情報・通信業,エルテス,"1,772.0","1,805.0","1,657.0","1,676.0",5.21,,5.36,"220,800",100,"8,633百万円","5,151千株",2020-03-01,2020-03-01T18:24:13
3968,東証１部,業種情報・通信業,セグエグループ,813.0,823.0,723.0,731.0,0.87,20.36,3.01,"278,500",100,"8,397百万円","11,488千株",2020-03-01,2020-03-01T18:24:15
3969,東証１部,業種情報・通信業,エイトレッド,"1,251.0","1,280.0","1,186.0","1,190.0",6.14,26.13,3.76,"112,900",100,"8,891百万円","7,471千株",2020-03-01,2020-03-01T18:24:17
3970,東証マザーズ,業種情報・通信業,イノベーション,"1,799.0","1,803.0","1,571.0","1,571.0",2.11,346.03,3.61,"94,700",100,"3,139百万円","1,998千株",2020-03-01,2020-03-01T18:24:19
3974,東証JASDAQ（スタンダード）,業種情報・通信業,ティビィシィ・スキヤツト,"1,218.0","1,218.0","1,061.0","1,074.0",0.70,9.69,0.90,"10,700",100,"1,954百万円","1,820千株",2020-03-01,2020-03-01T18:24:20
3976,東証マザーズ,業種情報・通信業,シャノン,"1,235.0","1,242.0","1,080.0","1,089.0",0.84,62.62,4.43,"26,200",100,"1,574百万円","1,445千株",2020-03-01,2020-03-01T18:24:22
3977,札証ア,業種情報・通信業,フュージョン,875.0,876.0,875.0,875.0,0.52,,2.80,800,100,630百万円,720千株,2020-03-01,2020-03-01T18:24:24
3978,東証１部,業種情報・通信業,マクロミル,866.0,878.0,839.0,844.0,0.76,7.15,1.05,"366,200",100,"34,002百万円","40,287千株",2020-03-01,2020-03-01T18:24:26
3979,東証マザーズ,業種情報・通信業,うるる,"1,485.0","1,485.0","1,352.0","1,381.0",2.10,17.46,2.14,"34,700",100,"4,718百万円","3,416千株",2020-03-01,2020-03-01T18:24:28
3981,東証１部,業種情報・通信業,ビーグリー,"1,330.0","1,470.0","1,267.0","1,315.0",0.77,15.56,1.70,"553,400",100,"8,087百万円","6,150千株",2020-03-01,2020-03-01T18:24:29
3983,東証１部,業種情報・通信業,オロ,"2,804.0","2,865.0","2,702.0","2,714.0",8.97,50.03,7.30,"139,700",100,"45,052百万円","16,600千株",2020-03-01,2020-03-01T18:24:31
3984,東証１部,業種情報・通信業,ユーザーローカル,"3,020.0","3,175.0","2,885.0","2,891.0",16.88,65.55,9.28,"147,800",100,"22,504百万円","7,784千株",2020-03-01,2020-03-01T18:24:33
3985,東証１部,業種情報・通信業,テモナ,773.0,779.0,668.0,681.0,4.90,38.08,4.99,"388,700",100,"7,636百万円","11,213千株",2020-03-01,2020-03-01T18:24:35
3986,東証マザーズ,業種情報・通信業,ビーブレイクシステムズ,"1,951.0","1,975.0","1,750.0","1,767.0",2.40,24.36,2.30,"28,500",100,"2,715百万円","1,536千株",2020-03-01,2020-03-01T18:24:37
3987,東証マザーズ,業種情報・通信業,エコモット,"1,000.0","1,079.0",944.0,"1,079.0",3.43,431.60,3.78,"121,400",100,"5,533百万円","5,128千株",2020-03-01,2020-03-01T18:24:39
3988,東証JASDAQ（スタンダード）,業種情報・通信業,ＳＹＳホールディングス,"1,156.0","1,291.0","1,054.0","1,171.0",0.58,19.52,1.64,"44,300",100,"3,011百万円","2,572千株",2020-03-01,2020-03-01T18:24:40
3989,東証マザーズ,業種情報・通信業,シェアリングテクノロジー,289.0,299.0,265.0,269.0,0.62,,3.43,"1,105,300",100,"4,975百万円","18,497千株",2020-03-01,2020-03-01T18:24:42
3990,東証マザーズ,業種情報・通信業,ＵＵＵＭ,"2,382.0","2,441.0","2,295.0","2,321.0",2.29,48.53,15.96,"818,700",100,"45,335百万円","19,532千株",2020-03-01,2020-03-01T18:24:44
3991,東証マザーズ,業種情報・通信業,ウォンテッドリー,"1,105.0","1,137.0","1,052.0","1,066.0",3.40,66.87,12.54,"47,300",100,"9,944百万円","9,329千株",2020-03-01,2020-03-01T18:24:46
3992,東証１部,業種情報・通信業,ニーズウェル,609.0,618.0,573.0,583.0,0.89,14.16,2.50,"119,500",100,"4,946百万円","8,484千株",2020-03-01,2020-03-01T18:24:48
3993,東証マザーズ,業種情報・通信業,ＰＫＳＨＡＴｅｃｈｎｏｌｏｇｙ,"2,431.0","2,480.0","2,384.0","2,397.0",23.90,159.80,2.74,"416,000",100,"73,178百万円","30,529千株",2020-03-01,2020-03-01T18:24:50
3994,東証マザーズ,業種情報・通信業,マネーフォワード,"4,650.0","4,755.0","4,575.0","4,600.0",14.98,,13.35,"371,600",100,"107,240百万円","23,313千株",2020-03-01,2020-03-01T18:24:51
3995,東証マザーズ,業種情報・通信業,ＳＫＩＹＡＫＩ,410.0,428.0,390.0,392.0,1.02,50.97,3.41,"206,700",100,"4,189百万円","10,687千株",2020-03-01,2020-03-01T18:24:53
3996,東証１部,業種情報・通信業,サインポスト,"1,568.0","1,656.0","1,568.0","1,609.0",6.53,80.85,13.45,"165,100",100,"17,550百万円","10,907千株",2020-03-01,2020-03-01T18:24:55
3997,東証JASDAQ（スタンダード）,業種情報・通信業,トレードワークス,750.0,765.0,718.0,719.0,1.19,26.26,1.62,"42,500",100,"2,379百万円","3,309千株",2020-03-01,2020-03-01T18:24:57
3998,東証マザーズ,業種情報・通信業,すららネット,"6,990.0","7,370.0","5,730.0","6,310.0",7.00,181.73,8.97,"595,200",100,"7,992百万円","1,266千株",2020-03-01,2020-03-01T18:24:59
3999,東証マザーズ,業種情報・通信業,ナレッジスイート,730.0,731.0,700.0,700.0,1.64,188.17,3.62,"10,300",100,"3,555百万円","5,079千株",2020-03-01,2020-03-01T18:25:01
4124,東証JASDAQ（スタンダード）,業種化学,大阪油化工業,"1,093.0","1,150.0","1,050.0","1,059.0",1.04,15.48,0.68,"17,700",100,"1,136百万円","1,073千株",2020-03-01,2020-03-01T18:25:02
4189,東証１部,業種化学,ＫＨネオケム,"2,148.0","2,150.0","2,079.0","2,092.0",0.82,11.18,1.77,"235,100",100,"77,465百万円","37,029千株",2020-03-01,2020-03-01T18:25:04
4249,東証１部,業種化学,森六ホールディングス,"1,960.0","1,969.0","1,900.0","1,903.0",0.17,5.15,0.47,"36,000",100,"32,274百万円","16,960千株",2020-03-01,2020-03-01T18:25:06
4251,東証２部,業種化学,恵和,"1,422.0","1,478.0","1,331.0","1,386.0",0.67,12.65,2.13,"473,800",100,"10,696百万円","7,717千株",2020-03-01,2020-03-01T18:25:08
4380,東証マザーズ,業種情報・通信業,Ｍマート,"1,066.0","1,124.0","1,016.0","1,016.0",3.79,29.00,3.17,"13,000",100,"2,484百万円","2,445千株",2020-03-01,2020-03-01T18:25:10
4381,東証マザーズ,業種情報・通信業,ビープラッツ,996.0,"1,130.0",991.0,"1,045.0",3.80,279.41,4.76,"54,000",100,"2,415百万円","2,311千株",2020-03-01,2020-03-01T18:25:11
4382,東証１部,業種情報・通信業,ＨＥＲＯＺ,"4,225.0","4,300.0","4,000.0","4,055.0",43.92,186.52,30.56,"128,300",100,"60,490百万円","14,917千株",2020-03-01,2020-03-01T18:25:13
4384,東証１部,業種情報・通信業,ラクスル,"2,901.0","2,914.0","2,792.0","2,829.0",4.62,"1,127.09",11.66,"286,500",100,"79,396百万円","28,065千株",2020-03-01,2020-03-01T18:25:15
4385,東証マザーズ,業種情報・通信業,メルカリ,"2,302.0","2,459.0","2,289.0","2,443.0",7.28,,7.39,"2,150,700",100,"376,677百万円","154,186千株",2020-03-01,2020-03-01T18:25:17
4386,東証２部,業種情報・通信業,ＳＩＧ,507.0,534.0,486.0,508.0,0.69,10.81,2.16,"102,900",100,"2,934百万円","5,775千株",2020-03-01,2020-03-01T18:25:19
4387,東証マザーズ,業種情報・通信業,ＺＵＵ,"2,990.0","2,990.0","2,752.0","2,780.0",4.45,52.84,5.93,"5,500",100,"5,872百万円","2,112千株",2020-03-01,2020-03-01T18:25:21
4388,東証マザーズ,業種情報・通信業,エーアイ,"1,345.0","1,438.0","1,328.0","1,353.0",9.43,43.87,6.30,"148,900",100,"6,951百万円","5,138千株",2020-03-01,2020-03-01T18:25:22
4389,東証マザーズ,業種情報・通信業,プロパティデータバンク,750.0,761.0,710.0,723.0,2.63,19.47,2.42,"180,600",100,"4,258百万円","5,890千株",2020-03-01,2020-03-01T18:25:24
4390,東証マザーズ,業種情報・通信業,アイ・ピー・エス,"1,213.0","1,276.0","1,176.0","1,192.0",2.54,23.54,3.94,"357,400",100,"14,721百万円","12,350千株",2020-03-01,2020-03-01T18:25:26
4391,東証マザーズ,業種情報・通信業,ロジザード,"1,414.0","1,474.0","1,345.0","1,350.0",3.02,26.91,4.22,"53,900",100,"4,398百万円","3,258千株",2020-03-01,2020-03-01T18:25:28
4393,東証マザーズ,業種情報・通信業,バンク・オブ・イノベーション,"1,689.0","1,769.0","1,553.0","1,580.0",1.45,16.44,4.44,"203,400",100,"6,236百万円","3,947千株",2020-03-01,2020-03-01T18:25:30
4394,東証マザーズ,業種情報・通信業,エクスモーション,"1,502.0","1,571.0","1,426.0","1,498.0",4.29,28.57,3.01,"72,700",100,"4,190百万円","2,797千株",2020-03-01,2020-03-01T18:25:31
4395,東証マザーズ,業種情報・通信業,アクリート,874.0,900.0,817.0,827.0,3.23,26.59,4.45,"570,800",100,"4,566百万円","5,522千株",2020-03-01,2020-03-01T18:25:33
4396,東証１部,業種情報・通信業,システムサポート,"2,798.0","2,837.0","2,473.0","2,506.0",1.07,35.60,6.38,"272,000",100,"12,617百万円","5,035千株",2020-03-01,2020-03-01T18:25:36
4397,東証マザーズ,業種情報・通信業,チームスピリット,"2,031.0","2,082.0","1,904.0","1,919.0",17.07,134.47,27.72,"324,400",100,"31,078百万円","16,195千株",2020-03-01,2020-03-01T18:25:38
4398,東証JASDAQ（スタンダード）,業種情報・通信業,ブロードバンドセキュリティ,"1,032.0","1,067.0",982.0,992.0,1.07,63.67,4.83,"95,400",100,"3,951百万円","3,983千株",2020-03-01,2020-03-01T18:25:40
4420,東証１部,業種情報・通信業,イーソル,"1,569.0","1,615.0","1,503.0","1,525.0",3.39,47.05,6.38,"360,000",100,"32,727百万円","21,460千株",2020-03-01,2020-03-01T18:25:41
4421,東証JASDAQ（スタンダード）,業種情報・通信業,ディ・アイ・システム,"1,152.0","1,193.0","1,135.0","1,141.0",0.45,10.79,2.00,"12,300",100,"1,739百万円","1,524千株",2020-03-01,2020-03-01T18:25:43
4422,東証マザーズ,業種情報・通信業,ＶＡＬＵＥＮＥＸ,"1,372.0","1,372.0","1,260.0","1,260.0",6.49,,3.85,"15,000",100,"3,620百万円","2,873千株",2020-03-01,2020-03-01T18:25:45
4423,東証１部,業種情報・通信業,アルテリア・ネットワークス,"1,840.0","1,895.0","1,763.0","1,779.0",1.80,19.15,4.74,"600,000",100,"88,950百万円","50,000千株",2020-03-01,2020-03-01T18:25:47
4424,東証マザーズ,業種情報・通信業,Ａｍａｚｉａ,"9,560.0","10,400.0","9,440.0","9,640.0",9.47,103.05,33.25,"280,500",100,"32,088百万円","3,328千株",2020-03-01,2020-03-01T18:25:48
4425,東証マザーズ,業種情報・通信業,Ｋｕｄａｎ,"5,030.0","5,210.0","4,800.0","4,825.0",90.97,314.33,38.34,"140,600",100,"34,205百万円","7,089千株",2020-03-01,2020-03-01T18:25:50
4427,東証マザーズ,業種情報・通信業,ＥｄｕＬａｂ,"3,630.0","3,915.0","3,610.0","3,625.0",5.11,38.83,4.72,"49,700",100,"32,081百万円","8,850千株",2020-03-01,2020-03-01T18:25:52
4428,東証マザーズ,業種情報・通信業,シノプス,"2,071.0","2,257.0","2,010.0","2,034.0",11.34,63.24,9.37,"70,300",100,"12,265百万円","6,030千株",2020-03-01,2020-03-01T18:25:54
4429,東証マザーズ,業種情報・通信業,リックソフト,"5,560.0","5,780.0","5,200.0","5,200.0",8.95,81.07,22.47,"82,600",100,"22,228百万円","4,274千株",2020-03-01,2020-03-01T18:25:56
4430,東証１部,業種情報・通信業,東海ソフト,"1,334.0","1,444.0","1,333.0","1,338.0",1.03,17.92,2.33,"304,200",100,"6,516百万円","4,870千株",2020-03-01,2020-03-01T18:25:58
4431,東証マザーズ,業種情報・通信業,スマレジ,"3,740.0","3,885.0","3,650.0","3,710.0",17.71,101.11,12.63,"302,800",100,"34,997百万円","9,433千株",2020-03-01,2020-03-01T18:26:00
4434,東証マザーズ,業種情報・通信業,サーバーワークス,"12,090.0","12,350.0","10,710.0","11,450.0",8.64,,,"121,900",100,"38,703百万円","3,380千株",2020-03-01,2020-03-01T18:26:02
4435,東証マザーズ,業種情報・通信業,カオナビ,"2,980.0","3,080.0","2,811.0","2,821.0",18.12,,22.74,"114,900",100,"30,638百万円","10,861千株",2020-03-01,2020-03-01T18:26:04
4436,東証マザーズ,業種情報・通信業,ミンカブ・ジ・インフォノイド,"1,154.0","1,154.0","1,071.0","1,103.0",7.04,50.04,5.33,"372,200",100,"14,320百万円","12,982千株",2020-03-01,2020-03-01T18:26:06
4437,東証マザーズ,業種情報・通信業,ｇｏｏｄｄａｙｓホールディングス,"1,284.0","1,310.0","1,220.0","1,229.0",0.81,16.43,2.99,"20,000",100,"4,062百万円","3,305千株",2020-03-01,2020-03-01T18:26:08
4438,東証マザーズ,業種情報・通信業,Ｗｅｌｂｙ,"1,342.0","1,441.0","1,250.0","1,300.0",12.69,,6.07,"64,300",100,"10,130百万円","7,792千株",2020-03-01,2020-03-01T18:26:09
4439,東証マザーズ,業種情報・通信業,東名,"1,037.0","1,102.0",963.0,"1,002.0",0.66,13.09,1.85,"49,200",100,"7,214百万円","7,200千株",2020-03-01,2020-03-01T18:26:11
4440,東証マザーズ,業種情報・通信業,ヴィッツ,"1,400.0","1,450.0","1,364.0","1,364.0",2.40,19.55,3.28,"32,500",100,"5,529百万円","4,054千株",2020-03-01,2020-03-01T18:26:13
4441,東証マザーズ,業種情報・通信業,トビラシステムズ,"1,504.0","1,534.0","1,433.0","1,433.0",14.93,56.13,14.64,"70,700",100,"14,649百万円","10,222千株",2020-03-01,2020-03-01T18:26:14
4442,東証マザーズ,業種情報・通信業,バルテス,"1,350.0","1,375.0","1,275.0","1,297.0",2.82,,,"128,000",100,"9,273百万円","7,150千株",2020-03-01,2020-03-01T18:26:16
4443,東証マザーズ,業種情報・通信業,Ｓａｎｓａｎ,"4,910.0","5,140.0","4,830.0","4,995.0",15.23,,,"238,100",100,"155,538百万円","31,138千株",2020-03-01,2020-03-01T18:26:18
4444,東証マザーズ,業種情報・通信業,インフォネット,"1,018.0","1,039.0",969.0,987.0,2.25,,,"31,000",100,"1,902百万円","1,927千株",2020-03-01,2020-03-01T18:26:20
4445,東証マザーズ,業種情報・通信業,リビン・テクノロジーズ,"1,607.0","1,667.0","1,601.0","1,602.0",1.14,11.92,2.67,"10,300",100,"2,137百万円","1,334千株",2020-03-01,2020-03-01T18:26:22
4446,東証マザーズ,業種情報・通信業,Ｌｉｎｋ－Ｕ,"1,550.0","1,685.0","1,550.0","1,580.0",19.90,73.40,14.63,"97,100",100,"21,593百万円","13,666千株",2020-03-01,2020-03-01T18:26:23
4447,福証Q,業種情報・通信業,ピー・ビーシステムズ,"1,668.0","1,820.0","1,570.0","1,618.0",2.48,27.99,12.18,"76,500",100,"4,410百万円","2,726千株",2020-03-01,2020-03-01T18:26:25
4448,東証マザーズ,業種情報・通信業,Ｃｈａｔｗｏｒｋ,969.0,"1,020.0",874.0,907.0,18.28,533.52,22.46,"577,800",100,"33,196百万円","36,600千株",2020-03-01,2020-03-01T18:26:27
4449,東証マザーズ,業種情報・通信業,ギフティ,"1,457.0","1,535.0","1,424.0","1,457.0",21.57,92.50,10.79,"855,800",100,"38,120百万円","26,163千株",2020-03-01,2020-03-01T18:26:29
4450,東証マザーズ,業種情報・通信業,パワーソリューションズ,"2,473.0","2,490.0","2,265.0","2,265.0",1.07,11.34,1.91,"31,700",100,"3,095百万円","1,366千株",2020-03-01,2020-03-01T18:26:31
4475,東証マザーズ,業種情報・通信業,ＨＥＮＮＧＥ,"2,852.0","2,949.0","2,718.0","2,799.0",12.76,,,"222,600",100,"43,760百万円","15,634千株",2020-03-01,2020-03-01T18:26:33
4476,東証マザーズ,業種情報・通信業,ＡＩＣＲＯＳＳ,"1,461.0","1,521.0","1,404.0","1,406.0",3.82,39.29,5.50,"315,500",100,"5,543百万円","3,942千株",2020-03-01,2020-03-01T18:26:35
4477,東証マザーズ,業種情報・通信業,ＢＡＳＥ,"1,636.0","1,636.0","1,366.0","1,366.0",7.24,,8.83,"400,600",100,"27,886百万円","20,415千株",2020-03-01,2020-03-01T18:26:37
4478,東証マザーズ,業種情報・通信業,フリー,"3,395.0","3,550.0","3,335.0","3,395.0",36.18,,,"379,700",100,"163,419百万円","48,135千株",2020-03-01,2020-03-01T18:26:39
4479,東証マザーズ,業種情報・通信業,マクアケ,"3,500.0","3,650.0","3,415.0","3,465.0",29.25,,,"334,300",100,"39,319百万円","11,347千株",2020-03-01,2020-03-01T18:26:40
4480,東証マザーズ,業種情報・通信業,メドレー,"1,718.0","1,788.0","1,601.0","1,636.0",9.66,,13.70,"1,241,800",100,"46,048百万円","28,147千株",2020-03-01,2020-03-01T18:26:42
4481,東証２部,業種情報・通信業,ベース,"8,860.0","9,150.0","8,360.0","8,560.0",2.60,19.91,4.48,"47,100",100,"25,339百万円","2,960千株",2020-03-01,2020-03-01T18:26:44
4482,東証マザーズ,業種情報・通信業,ウィルズ,"4,060.0","4,100.0","3,790.0","3,870.0",9.92,78.81,25.49,"59,200",100,"17,792百万円","4,597千株",2020-03-01,2020-03-01T18:26:46
4483,東証マザーズ,業種情報・通信業,ＪＭＤＣ,"4,470.0","4,575.0","4,200.0","4,425.0",11.42,,,"174,600",100,"114,939百万円","25,975千株",2020-03-01,2020-03-01T18:26:47
4484,東証マザーズ,業種情報・通信業,ランサーズ,790.0,820.0,757.0,763.0,4.69,,,"176,300",100,"11,830百万円","15,505千株",2020-03-01,2020-03-01T18:26:49
4485,東証マザーズ,業種情報・通信業,ＪＴＯＷＥＲ,"3,850.0","3,980.0","3,800.0","3,915.0",58.07,,,"417,700",100,"79,972百万円","20,427千株",2020-03-01,2020-03-01T18:26:51
4486,東証マザーズ,業種情報・通信業,ユナイトアンドグロウ,"1,712.0","1,782.0","1,650.0","1,691.0",1.89,18.46,2.94,"30,000",100,"3,070百万円","1,815千株",2020-03-01,2020-03-01T18:26:53
4487,東証マザーズ,業種情報・通信業,スペースマーケット,850.0,887.0,802.0,802.0,10.30,187.38,10.23,"490,800",100,"8,993百万円","11,213千株",2020-03-01,2020-03-01T18:26:55
4488,東証マザーズ,業種情報・通信業,ＡＩｉｎｓｉｄｅ,"18,910.0","19,400.0","18,230.0","18,850.0",154.40,,,"38,500",100,"68,708百万円","3,645千株",2020-03-01,2020-03-01T18:26:57
4597,東証マザーズ,業種医薬品,ソレイジア・ファーマ,120.0,130.0,120.0,123.0,10.97,,2.07,"2,834,000",100,"14,370百万円","116,835千株",2020-03-01,2020-03-01T18:26:59
4598,東証マザーズ,業種医薬品,Ｄｅｌｔａ－ＦｌｙＰｈａｒｍａ,"1,039.0","1,090.0",999.0,"1,010.0",,,1.29,"74,100",100,"4,549百万円","4,504千株",2020-03-01,2020-03-01T18:27:00
4599,東証マザーズ,業種医薬品,ステムリム,528.0,550.0,524.0,525.0,278.80,,,"283,900",100,"27,880百万円","53,104千株",2020-03-01,2020-03-01T18:27:02
4691,東証２部,業種サービス業,ワシントンホテル,852.0,879.0,819.0,822.0,0.46,,,"126,000",100,"10,003百万円","12,170千株",2020-03-01,2020-03-01T18:27:04
4880,東証マザーズ,業種医薬品,セルソース,"10,050.0","10,300.0","9,880.0","10,020.0",12.38,72.74,12.42,"41,800",100,"19,959百万円","1,992千株",2020-03-01,2020-03-01T18:27:05
4931,東証マザーズ,業種化学,新日本製薬,"1,074.0","1,132.0","1,066.0","1,066.0",0.68,9.35,1.80,"98,000",100,"23,037百万円","21,611千株",2020-03-01,2020-03-01T18:27:07
5699,東証JASDAQ（スタンダード）,業種鉄鋼,イボキン,"1,821.0","1,943.0","1,783.0","1,802.0",0.49,10.96,1.08,"55,400",100,"3,087百万円","1,713千株",2020-03-01,2020-03-01T18:27:09
5704,東証マザーズ,業種非鉄金属,ＪＭＣ,751.0,774.0,714.0,721.0,1.35,23.09,1.68,"133,500",100,"3,808百万円","5,282千株",2020-03-01,2020-03-01T18:27:11
6175,東証１部,業種サービス業,ネットマーケティング,679.0,696.0,644.0,648.0,0.68,33.24,4.18,"888,800",100,"9,586百万円","14,793千株",2020-03-01,2020-03-01T18:27:12
6187,東証１部,業種サービス業,ＬＩＴＡＬＩＣＯ,"2,104.0","2,189.0","2,104.0","2,123.0",3.08,62.00,12.92,"165,400",100,"37,359百万円","17,597千株",2020-03-01,2020-03-01T18:27:14
6188,東証２部,業種サービス業,富士ソフトサービスビューロ,320.0,334.0,315.0,318.0,0.37,9.78,1.88,"135,600",100,"4,293百万円","13,500千株",2020-03-01,2020-03-01T18:27:16
6189,東証１部,業種サービス業,グローバルキッズＣＯＭＰＡＮＹ,652.0,766.0,575.0,592.0,0.27,4.84,0.70,"309,700",100,"5,435百万円","9,180千株",2020-03-01,2020-03-01T18:27:17
6190,東証マザーズ,業種サービス業,フェニックスバイオ,710.0,727.0,668.0,668.0,1.59,,1.27,"15,300",100,"1,959百万円","2,934千株",2020-03-01,2020-03-01T18:27:19
6191,東証１部,業種サービス業,エアトリ,"1,151.0","1,174.0","1,123.0","1,133.0",0.93,28.99,2.25,"489,300",100,"22,784百万円","20,109千株",2020-03-01,2020-03-01T18:27:21
6192,東証マザーズ,業種サービス業,ハイアス・アンド・カンパニー,197.0,209.0,197.0,201.0,0.76,18.82,3.44,"209,100",100,"4,691百万円","23,338千株",2020-03-01,2020-03-01T18:27:23
6193,東証マザーズ,業種サービス業,バーチャレクス・ホールディングス,660.0,665.0,640.0,665.0,0.31,94.19,1.98,"120,500",100,"1,957百万円","2,943千株",2020-03-01,2020-03-01T18:27:25
6194,東証１部,業種サービス業,アトラエ,"2,385.0","2,471.0","2,298.0","2,322.0",9.55,60.92,7.89,"174,800",100,"30,860百万円","13,290千株",2020-03-01,2020-03-01T18:27:26
6195,東証マザーズ,業種サービス業,ホープ,"1,719.0","1,746.0","1,607.0","1,634.0",2.35,120.56,17.29,"188,300",100,"9,112百万円","5,576千株",2020-03-01,2020-03-01T18:27:28
6196,東証１部,業種サービス業,ストライク,"4,090.0","4,160.0","4,010.0","4,025.0",15.34,57.61,15.09,"120,300",100,"77,900百万円","19,354千株",2020-03-01,2020-03-01T18:27:30
6197,東証１部,業種サービス業,ソラスト,998.0,"1,017.0",970.0,982.0,1.09,26.18,6.63,"375,400",100,"92,511百万円","94,206千株",2020-03-01,2020-03-01T18:27:32
6198,東証マザーズ,業種サービス業,キャリア,309.0,310.0,289.0,297.0,0.22,15.95,1.89,"277,000",100,"2,561百万円","8,624千株",2020-03-01,2020-03-01T18:27:34
6199,東証１部,業種サービス業,セラク,"1,065.0","1,082.0",999.0,"1,007.0",1.21,31.43,4.93,"588,500",100,"13,863百万円","13,767千株",2020-03-01,2020-03-01T18:27:35
6200,東証１部,業種サービス業,インソース,"2,590.0","2,642.0","2,507.0","2,550.0",9.69,64.18,17.63,"217,900",100,"54,342百万円","21,310千株",2020-03-01,2020-03-01T18:27:37
6232,東証マザーズ,業種機械,自律制御システム研究所,"3,005.0","3,070.0","2,870.0","2,887.0",37.77,,6.48,"185,900",100,"30,485百万円","10,559千株",2020-03-01,2020-03-01T18:27:39
6233,東証JASDAQ（スタンダード）,業種機械,極東産機,550.0,550.0,504.0,510.0,0.30,18.95,1.01,"44,800",100,"2,749百万円","5,391千株",2020-03-01,2020-03-01T18:27:41
6235,東証１部,業種機械,オプトラン,"2,930.0","2,990.0","2,851.0","2,865.0",2.96,13.22,3.64,"750,100",100,"127,085百万円","44,358千株",2020-03-01,2020-03-01T18:27:43
6237,東証１部,業種機械,イワキポンプ,965.0,977.0,946.0,947.0,0.73,9.83,1.05,"41,300",100,"21,298百万円","22,490千株",2020-03-01,2020-03-01T18:27:44
6531,東証マザーズ,業種サービス業,リファインバース,950.0,"1,000.0",896.0,909.0,1.09,,4.59,"45,600",100,"2,772百万円","3,049千株",2020-03-01,2020-03-01T18:27:46
6532,東証１部,業種サービス業,ベイカレント・コンサルティング,"6,590.0","6,700.0","6,390.0","6,440.0",4.11,31.76,,"226,100",100,"100,084百万円","15,541千株",2020-03-01,2020-03-01T18:27:48
6533,東証１部,業種サービス業,ＯｒｃｈｅｓｔｒａＨｏｌｄｉｎｇｓ,828.0,860.0,795.0,800.0,0.78,25.29,5.43,"373,000",100,"7,325百万円","9,156千株",2020-03-01,2020-03-01T18:27:49
6535,東証１部,業種サービス業,アイモバイル,556.0,573.0,530.0,534.0,0.54,9.31,0.88,"189,700",100,"11,616百万円","21,753千株",2020-03-01,2020-03-01T18:27:51
6537,東証マザーズ,業種サービス業,ＷＡＳＨハウス,650.0,660.0,611.0,623.0,1.95,,2.15,"50,800",100,"4,286百万円","6,881千株",2020-03-01,2020-03-01T18:27:53
6538,東証１部,業種サービス業,キャリアインデックス,263.0,278.0,239.0,241.0,2.14,10.42,1.85,"490,600",100,"5,052百万円","20,966千株",2020-03-01,2020-03-01T18:27:54
6539,東証１部,業種サービス業,ＭＳ－Ｊａｐａｎ,"1,001.0","1,055.0","1,001.0","1,012.0",6.58,21.00,3.60,"274,300",100,"25,209百万円","24,911千株",2020-03-01,2020-03-01T18:27:56
6540,東証１部,業種サービス業,船場,945.0,963.0,899.0,906.0,0.32,9.31,0.86,"40,200",100,"9,132百万円","10,080千株",2020-03-01,2020-03-01T18:27:58
6541,東証１部,業種サービス業,グレイステクノロジー,"2,892.0","2,945.0","2,775.0","2,791.0",25.59,102.19,26.84,"285,100",100,"39,008百万円","13,976千株",2020-03-01,2020-03-01T18:28:00
6543,東証JASDAQ（スタンダード）,業種サービス業,日宣,"1,154.0","1,180.0","1,120.0","1,130.0",0.44,9.53,0.82,"2,600",100,"2,209百万円","1,955千株",2020-03-01,2020-03-01T18:28:02
6544,東証１部,業種サービス業,ジャパンエレベーターサービスホールディングス,"1,989.0","2,078.0","1,963.0","2,074.0",4.69,65.84,21.35,"665,300",100,"84,077百万円","40,538千株",2020-03-01,2020-03-01T18:28:04
6545,東証マザーズ,業種サービス業,インターネットインフィニティー,512.0,524.0,460.0,480.0,0.77,39.60,3.19,"144,200",100,"2,605百万円","5,427千株",2020-03-01,2020-03-01T18:28:05
6546,東証１部,業種サービス業,フルテック,"1,022.0","1,084.0","1,015.0","1,016.0",0.47,13.07,0.89,"8,000",100,"5,453百万円","5,367千株",2020-03-01,2020-03-01T18:28:07
6547,東証１部,業種サービス業,グリーンズ,712.0,728.0,704.0,715.0,0.29,6.09,0.86,"186,900",100,"9,213百万円","12,886千株",2020-03-01,2020-03-01T18:28:09
6548,東証マザーズ,業種サービス業,旅工房,"1,205.0","1,265.0","1,196.0","1,208.0",0.19,27.71,4.07,"111,300",100,"5,738百万円","4,750千株",2020-03-01,2020-03-01T18:28:11
6549,東証JASDAQ（スタンダード）,業種サービス業,ディーエムソリューションズ,945.0,960.0,936.0,936.0,0.19,12.06,1.47,"3,100",100,"2,319百万円","2,478千株",2020-03-01,2020-03-01T18:28:13
6550,東証マザーズ,業種サービス業,Ｆｒｉｎｇｅ８１,657.0,683.0,597.0,597.0,0.86,22.54,3.98,"190,000",100,"5,891百万円","9,868千株",2020-03-01,2020-03-01T18:28:15
6551,東証１部,業種サービス業,ツナググループ・ホールディングス,468.0,477.0,442.0,447.0,0.30,137.53,2.46,"106,800",100,"3,282百万円","7,343千株",2020-03-01,2020-03-01T18:28:16
6552,東証１部,業種サービス業,ＧａｍｅＷｉｔｈ,597.0,609.0,561.0,563.0,3.25,14.39,3.10,"175,400",100,"10,256百万円","18,217千株",2020-03-01,2020-03-01T18:28:18
6553,東証１部,業種サービス業,ソウルドアウト,"1,860.0","1,929.0","1,730.0","1,752.0",0.93,48.59,6.08,"68,600",100,"18,327百万円","10,461千株",2020-03-01,2020-03-01T18:28:20
6554,東証マザーズ,業種サービス業,エスユーエス,496.0,496.0,452.0,455.0,0.49,11.78,1.82,"180,000",100,"3,987百万円","8,762千株",2020-03-01,2020-03-01T18:28:22
6555,東証１部,業種サービス業,ＭＳ＆Ｃｏｎｓｕｌｔｉｎｇ,890.0,909.0,870.0,870.0,1.34,10.20,1.15,"72,400",100,"3,835百万円","4,408千株",2020-03-01,2020-03-01T18:28:23
6556,東証マザーズ,業種サービス業,ウェルビー,"1,530.0","1,543.0","1,480.0","1,496.0",7.23,41.09,16.37,"226,500",100,"41,581百万円","27,795千株",2020-03-01,2020-03-01T18:28:25
6557,東証マザーズ,業種サービス業,ｇｌｏｂａｌｂｒｉｄｇｅＨＯＬＤＩＮＧＳ,"1,998.0","2,067.0","1,804.0","1,846.0",0.80,,4.93,"50,000",100,"4,739百万円","2,567千株",2020-03-01,2020-03-01T18:28:27
6558,東証マザーズ,業種サービス業,クックビズ,"1,600.0","1,660.0","1,507.0","1,550.0",1.17,24.47,2.57,"74,300",100,"3,487百万円","2,249千株",2020-03-01,2020-03-01T18:28:28
6560,東証マザーズ,業種サービス業,エル・ティー・エス,"1,624.0","1,747.0","1,602.0","1,646.0",1.80,33.39,4.54,"84,100",100,"6,832百万円","4,151千株",2020-03-01,2020-03-01T18:28:30
6561,東証マザーズ,業種サービス業,ＨＡＮＡＴＯＵＲＪＡＰＡＮ,640.0,641.0,557.0,594.0,0.99,,1.34,"80,300",100,"6,534百万円","11,000千株",2020-03-01,2020-03-01T18:28:32
6562,東証マザーズ,業種サービス業,ジーニー,781.0,808.0,721.0,727.0,0.87,,4.80,"122,900",100,"13,044百万円","17,943千株",2020-03-01,2020-03-01T18:28:34
6563,東証マザーズ,業種サービス業,みらいワークス,"2,381.0","2,466.0","2,281.0","2,290.0",0.78,30.67,3.79,"10,300",100,"2,839百万円","1,239千株",2020-03-01,2020-03-01T18:28:35
6564,東証１部,業種サービス業,ミダック,"1,040.0","1,068.0","1,005.0","1,015.0",2.90,23.10,6.03,"45,000",100,"13,587百万円","13,386千株",2020-03-01,2020-03-01T18:28:37
6565,東証JASDAQ（スタンダード）,業種サービス業,ＡＢホテル,"1,400.0","1,400.0","1,305.0","1,305.0",3.35,20.85,3.51,"8,900",100,"18,499百万円","14,176千株",2020-03-01,2020-03-01T18:28:39
6566,東証２部,業種サービス業,要興業,811.0,839.0,801.0,811.0,1.13,18.95,0.86,"58,400",100,"12,871百万円","15,871千株",2020-03-01,2020-03-01T18:28:41
6567,東証マザーズ,業種サービス業,ＳＥＲＩＯホールディングス,690.0,770.0,676.0,726.0,0.36,56.01,1.40,"300,100",100,"2,297百万円","3,164千株",2020-03-01,2020-03-01T18:28:43
6568,東証マザーズ,業種サービス業,神戸天然物化学,"1,307.0","1,331.0","1,250.0","1,273.0",1.56,10.49,1.04,"37,000",100,"9,859百万円","7,744千株",2020-03-01,2020-03-01T18:28:45
6569,東証１部,業種サービス業,日総工産,680.0,706.0,672.0,678.0,0.33,11.01,2.18,"580,500",100,"23,036百万円","33,977千株",2020-03-01,2020-03-01T18:28:46
6570,東証２部,業種サービス業,共和コーポレーション,540.0,540.0,490.0,493.0,0.24,3.84,0.88,"22,600",100,"2,997百万円","6,080千株",2020-03-01,2020-03-01T18:28:48
6571,東証１部,業種サービス業,キュービーネットホールディングス,"1,933.0","1,959.0","1,837.0","1,858.0",1.12,18.10,2.40,"435,100",100,"23,515百万円","12,656千株",2020-03-01,2020-03-01T18:28:50
6572,東証１部,業種サービス業,ＲＰＡホールディングス,904.0,940.0,877.0,883.0,6.27,82.36,9.08,"632,200",100,"51,326百万円","58,127千株",2020-03-01,2020-03-01T18:28:52
6573,東証マザーズ,業種サービス業,アジャイルメディア・ネットワーク,623.0,639.0,572.0,574.0,1.41,,2.27,"100,200",100,"1,197百万円","2,087千株",2020-03-01,2020-03-01T18:28:53
6574,東証マザーズ,業種サービス業,コンヴァノ,999.0,999.0,872.0,878.0,0.87,21.82,2.21,"18,700",100,"1,969百万円","2,243千株",2020-03-01,2020-03-01T18:28:55
6575,東証マザーズ,業種サービス業,ヒューマン・アソシエイツ・ホールディングス,871.0,883.0,827.0,849.0,1.45,13.79,2.61,"29,600",100,"2,746百万円","3,235千株",2020-03-01,2020-03-01T18:28:57
6577,東証マザーズ,業種サービス業,ベストワンドットコム,"2,496.0","2,615.0","2,411.0","2,519.0",1.45,36.70,4.43,"44,000",100,"3,161百万円","1,254千株",2020-03-01,2020-03-01T18:28:58
6578,東証２部,業種サービス業,エヌリンクス,378.0,401.0,375.0,385.0,0.57,12.74,1.95,"33,400",100,"2,753百万円","7,151千株",2020-03-01,2020-03-01T18:29:00
6579,東証マザーズ,業種サービス業,ログリー,"1,803.0","1,866.0","1,717.0","1,724.0",1.35,29.61,2.65,"74,400",100,"3,217百万円","1,866千株",2020-03-01,2020-03-01T18:29:02
6580,東証マザーズ,業種サービス業,ライトアップ,949.0,979.0,916.0,922.0,1.66,13.51,1.82,"29,400",100,"2,676百万円","2,903千株",2020-03-01,2020-03-01T18:29:04
6597,東証マザーズ,業種電気機器,ＨＰＣシステムズ,"1,732.0","1,764.0","1,656.0","1,684.0",1.27,,,"175,100",100,"6,887百万円","4,090千株",2020-03-01,2020-03-01T18:29:06
6615,東証１部,業種電気機器,ユー・エム・シー・エレクトロニクス,303.0,319.0,301.0,303.0,0.04,,0.33,"385,500",100,"5,846百万円","19,295千株",2020-03-01,2020-03-01T18:29:08
6694,東証JASDAQ（スタンダード）,業種電気機器,ズーム,"1,151.0","1,171.0","1,101.0","1,101.0",0.29,10.00,0.51,"11,300",100,"2,529百万円","2,297千株",2020-03-01,2020-03-01T18:29:09
6696,東証マザーズ,業種電気機器,トランザス,973.0,988.0,841.0,857.0,3.91,,2.25,"98,800",100,"2,715百万円","3,169千株",2020-03-01,2020-03-01T18:29:11
6697,東証マザーズ,業種電気機器,テックポイント・インク,551.0,574.0,512.0,512.0,0.82,46.54,0.92,"71,100",100,"2,846百万円","5,559千株",2020-03-01,2020-03-01T18:29:13
6698,東証２部,業種電気機器,ヴィスコ・テクノロジーズ,992.0,"1,004.0",910.0,923.0,1.65,13.71,2.41,"46,100",100,"5,896百万円","6,388千株",2020-03-01,2020-03-01T18:29:15
7030,東証１部,業種サービス業,スプリックス,938.0,"1,010.0",817.0,832.0,1.26,8.03,1.88,"1,727,200",100,"14,388百万円","17,293千株",2020-03-01,2020-03-01T18:29:16
7033,東証１部,業種サービス業,マネジメントソリューションズ,"2,865.0","2,965.0","2,636.0","2,696.0",3.83,50.81,8.89,"105,600",100,"14,928百万円","5,537千株",2020-03-01,2020-03-01T18:29:18
7034,東証マザーズ,業種サービス業,プロレド・パートナーズ,"3,655.0","3,700.0","3,475.0","3,500.0",13.99,52.76,10.06,"138,300",100,"36,948百万円","10,556千株",2020-03-01,2020-03-01T18:29:20
7035,東証１部,業種サービス業,ａｎｄｆａｃｔｏｒｙ,"1,433.0","1,504.0","1,404.0","1,423.0",3.56,40.92,7.77,"186,700",100,"13,979百万円","9,824千株",2020-03-01,2020-03-01T18:29:22
7036,東証マザーズ,業種サービス業,イーエムネットジャパン,"1,600.0","1,620.0","1,523.0","1,555.0",0.36,11.95,2.76,"35,600",100,"2,868百万円","1,844千株",2020-03-01,2020-03-01T18:29:24
7037,東証マザーズ,業種サービス業,テノ．ホールディングス,671.0,799.0,664.0,708.0,0.32,11.27,1.80,"903,100",100,"3,297百万円","4,656千株",2020-03-01,2020-03-01T18:29:26
7038,東証マザーズ,業種サービス業,フロンティア・マネジメント,"1,600.0","1,600.0","1,524.0","1,557.0",1.86,20.67,4.06,"146,000",100,"8,884百万円","5,706千株",2020-03-01,2020-03-01T18:29:27
7039,東証マザーズ,業種サービス業,ブリッジインターナショナル,"1,500.0","1,560.0","1,441.0","1,481.0",1.59,19.79,2.43,"88,900",100,"5,215百万円","3,521千株",2020-03-01,2020-03-01T18:29:29
7041,東証マザーズ,業種サービス業,ＣＲＧホールディングス,771.0,793.0,730.0,730.0,0.17,14.94,1.76,"67,200",100,"3,980百万円","5,452千株",2020-03-01,2020-03-01T18:29:31
7042,東証JASDAQ（スタンダード）,業種サービス業,アクセスグループ・ホールディングス,800.0,800.0,755.0,771.0,0.20,423.62,0.76,"8,100",100,940百万円,"1,219千株",2020-03-01,2020-03-01T18:29:33
7043,東証マザーズ,業種サービス業,アルー,819.0,924.0,636.0,659.0,0.67,14.42,1.59,"1,036,100",100,"1,683百万円","2,554千株",2020-03-01,2020-03-01T18:29:34
7044,東証マザーズ,業種サービス業,ピアラ,"1,340.0","1,378.0","1,250.0","1,250.0",0.65,28.46,4.75,"55,000",100,"8,882百万円","7,105千株",2020-03-01,2020-03-01T18:29:36
7045,東証JASDAQ（スタンダード）,業種サービス業,ツクイスタッフ,"1,888.0","1,974.0","1,844.0","1,888.0",0.36,9.98,1.53,"8,000",100,"2,985百万円","1,581千株",2020-03-01,2020-03-01T18:29:38
7046,東証マザーズ,業種サービス業,テクノスデータサイエンス・エンジニアリング,"2,508.0","2,554.0","2,340.0","2,362.0",3.84,30.91,3.84,"51,500",100,"5,196百万円","2,200千株",2020-03-01,2020-03-01T18:29:40
7047,東証マザーズ,業種サービス業,ポート,685.0,721.0,652.0,680.0,2.59,13.54,3.77,"205,700",100,"7,900百万円","11,618千株",2020-03-01,2020-03-01T18:29:42
7048,東証マザーズ,業種サービス業,ベルトラ,700.0,718.0,676.0,698.0,4.60,38.22,9.43,"359,300",100,"20,051百万円","28,726千株",2020-03-01,2020-03-01T18:29:44
7049,東証マザーズ,業種サービス業,識学,977.0,992.0,902.0,908.0,5.42,36.79,9.79,"245,100",100,"6,786百万円","7,474千株",2020-03-01,2020-03-01T18:29:45
7050,東証マザーズ,業種サービス業,フロンティアインターナショナル,"2,072.0","2,074.0","1,906.0","1,921.0",0.66,9.81,1.91,"46,800",100,"8,539百万円","4,445千株",2020-03-01,2020-03-01T18:29:47
7057,東証JASDAQ（スタンダード）,業種サービス業,エヌ・シー・エヌ,936.0,949.0,872.0,897.0,0.44,9.37,1.67,"44,600",100,"2,882百万円","3,213千株",2020-03-01,2020-03-01T18:29:49
7058,東証JASDAQ（スタンダード）,業種サービス業,共栄セキュリティーサービス,"3,500.0","3,590.0","3,350.0","3,550.0",0.94,13.56,1.50,"18,500",100,"5,348百万円","1,506千株",2020-03-01,2020-03-01T18:29:51
7059,東証マザーズ,業種サービス業,コプロ・ホールディングス,"2,240.0","2,289.0","2,180.0","2,203.0",1.01,9.68,2.34,"40,200",100,"11,015百万円","5,000千株",2020-03-01,2020-03-01T18:29:53
7060,東証マザーズ,業種サービス業,ギークス,"1,250.0","1,281.0","1,124.0","1,164.0",3.99,24.27,4.44,"211,800",100,"12,173百万円","10,458千株",2020-03-01,2020-03-01T18:29:55
7061,東証マザーズ,業種サービス業,日本ホスピスホールディングス,"1,740.0","1,791.0","1,619.0","1,644.0",3.00,40.79,12.02,"106,000",100,"12,617百万円","7,675千株",2020-03-01,2020-03-01T18:29:57
7062,東証マザーズ,業種サービス業,フレアス,998.0,"1,000.0",921.0,921.0,0.57,10.44,1.64,"10,800",100,"2,144百万円","2,328千株",2020-03-01,2020-03-01T18:29:58
7063,東証マザーズ,業種サービス業,エードット,"3,500.0","3,785.0","3,390.0","3,405.0",3.88,59.55,8.26,"32,200",100,"8,289百万円","2,434千株",2020-03-01,2020-03-01T18:30:00
7064,東証マザーズ,業種サービス業,ハウテレビジョン,"1,784.0","1,830.0","1,729.0","1,741.0",3.35,,,"31,400",100,"2,207百万円","1,267千株",2020-03-01,2020-03-01T18:30:02
7065,東証２部,業種サービス業,ユーピーアール,"2,335.0","2,444.0","2,262.0","2,359.0",1.54,25.40,3.08,"213,900",100,"18,069百万円","7,660千株",2020-03-01,2020-03-01T18:30:04
7066,東証マザーズ,業種サービス業,ピアズ,"1,410.0","1,445.0","1,291.0","1,321.0",1.06,8.41,1.58,"28,200",100,"2,959百万円","2,240千株",2020-03-01,2020-03-01T18:30:06
7067,東証マザーズ,業種サービス業,ブランディングテクノロジー,"1,559.0","1,561.0","1,433.0","1,452.0",0.47,,,"48,200",100,"2,344百万円","1,615千株",2020-03-01,2020-03-01T18:30:08
7068,東証マザーズ,業種サービス業,フィードフォース,"2,192.0","2,280.0","2,000.0","2,021.0",16.14,,,"93,900",100,"11,304百万円","5,593千株",2020-03-01,2020-03-01T18:30:10
7069,東証マザーズ,業種サービス業,サイバー・バズ,"4,585.0","4,810.0","4,375.0","4,380.0",5.52,48.45,9.35,"75,900",100,"16,255百万円","3,711千株",2020-03-01,2020-03-01T18:30:12
7071,東証JASDAQ（スタンダード）,業種サービス業,アンビスホールディングス,"7,030.0","7,240.0","6,290.0","6,450.0",13.52,,,"81,000",100,"72,620百万円","11,259千株",2020-03-01,2020-03-01T18:30:13
7072,東証マザーズ,業種サービス業,インティメート・マージャー,"1,900.0","1,900.0","1,721.0","1,721.0",2.25,,,"37,000",100,"4,942百万円","2,871千株",2020-03-01,2020-03-01T18:30:15
7073,東証マザーズ,業種サービス業,ジェイック,"5,440.0","5,490.0","4,950.0","4,990.0",1.67,,,"16,500",100,"4,519百万円",905千株,2020-03-01,2020-03-01T18:30:17
7074,東証マザーズ,業種サービス業,トゥエンティーフォーセブン,"1,097.0","1,151.0","1,037.0","1,037.0",0.60,7.12,1.27,"80,500",100,"4,666百万円","4,500千株",2020-03-01,2020-03-01T18:30:19
7076,セントレックス,業種サービス業,名南Ｍ＆Ａ,"3,255.0","3,425.0","3,215.0","3,335.0",6.50,,,"6,400",100,"5,205百万円","1,560千株",2020-03-01,2020-03-01T18:30:20
7077,東証マザーズ,業種サービス業,ＡＬｉＮＫインターネット,"2,429.0","2,476.0","2,287.0","2,326.0",7.04,,,"48,800",100,"4,890百万円","2,102千株",2020-03-01,2020-03-01T18:30:22
7078,東証マザーズ,業種サービス業,ＩＮＣＬＵＳＩＶＥ,"1,750.0","1,790.0","1,552.0","1,562.0",2.26,,,"27,100",100,"3,780百万円","2,420千株",2020-03-01,2020-03-01T18:30:24
7079,東証マザーズ,業種サービス業,ＷＤＢココ,"2,206.0","2,249.0","2,157.0","2,161.0",2.77,,,"42,300",100,"4,937百万円","2,285千株",2020-03-01,2020-03-01T18:30:26
7080,東証マザーズ,業種サービス業,スポーツフィールド,"3,375.0","3,375.0","3,090.0","3,200.0",1.47,19.66,6.57,"21,700",100,"2,821百万円",881千株,2020-03-01,2020-03-01T18:30:27
7081,東証JASDAQ（スタンダード）,業種サービス業,コーユーレンティア,"1,201.0","1,227.0","1,120.0","1,134.0",0.26,,,"64,500",100,"6,010百万円","5,300千株",2020-03-01,2020-03-01T18:30:29
7082,東証マザーズ,業種サービス業,ジモティー,"1,525.0","1,618.0","1,508.0","1,580.0",7.05,,,"282,400",100,"8,913百万円","5,641千株",2020-03-01,2020-03-01T18:30:31
7083,東証マザーズ,業種サービス業,ＡＨＣグループ,"2,444.0","2,630.0","2,420.0","2,438.0",1.21,,,"127,600",100,"5,022百万円","2,060千株",2020-03-01,2020-03-01T18:30:33
7184,東証１部,業種銀行業,富山第一銀行,285.0,291.0,278.0,278.0,0.64,5.20,0.18,"71,000",100,"18,712百万円","67,309千株",2020-03-01,2020-03-01T18:30:34
7185,東証JASDAQ（スタンダード）,業種証券、商品先物取引業,ヒロセ通商,"1,661.0","1,663.0","1,611.0","1,614.0",1.25,5.05,1.19,"37,300",100,"10,475百万円","6,490千株",2020-03-01,2020-03-01T18:30:36
7187,東証１部,業種その他金融業,ジェイリース,277.0,280.0,260.0,264.0,0.38,,3.71,"269,600",100,"2,323百万円","8,800千株",2020-03-01,2020-03-01T18:30:38
7190,東証１部,業種証券、商品先物取引業,マーキュリアインベストメント,598.0,614.0,593.0,605.0,2.25,8.40,0.83,"130,300",100,"10,651百万円","17,606千株",2020-03-01,2020-03-01T18:30:39
7191,東証１部,業種その他金融業,イントラスト,612.0,630.0,591.0,599.0,4.25,23.54,4.63,"213,100",100,"13,334百万円","22,260千株",2020-03-01,2020-03-01T18:30:41
7192,東証１部,業種その他金融業,日本モーゲージサービス,"1,832.0","1,918.0","1,758.0","1,769.0",2.01,15.39,3.18,"206,900",100,"12,625百万円","7,137千株",2020-03-01,2020-03-01T18:30:43
7196,東証１部,業種その他金融業,Ｃａｓａ,"1,251.0","1,289.0","1,224.0","1,227.0",1.57,15.68,2.16,"149,500",100,"13,585百万円","11,072千株",2020-03-01,2020-03-01T18:30:45
7198,東証１部,業種その他金融業,アルヒ,"1,588.0","1,635.0","1,555.0","1,584.0",2.39,13.13,2.39,"757,500",100,"57,151百万円","36,080千株",2020-03-01,2020-03-01T18:30:47
7199,東証１部,業種その他金融業,プレミアグループ,"1,686.0","1,754.0","1,662.0","1,705.0",2.10,15.54,4.07,"375,100",100,"22,551百万円","13,226千株",2020-03-01,2020-03-01T18:30:49
7320,東証マザーズ,業種その他金融業,日本リビング保証,"1,278.0","1,283.0","1,205.0","1,222.0",3.71,42.12,12.87,"145,100",100,"6,115百万円","5,004千株",2020-03-01,2020-03-01T18:30:51
7323,東証マザーズ,業種保険業,アイペット損害保険,"1,904.0","1,980.0","1,900.0","1,923.0",1.38,23.74,3.88,"29,000",100,"20,739百万円","10,784千株",2020-03-01,2020-03-01T18:30:52
7325,東証マザーズ,業種保険業,アイリックコーポレーション,"1,211.0","1,232.0","1,169.0","1,177.0",2.59,28.70,3.00,"42,800",100,"10,049百万円","8,538千株",2020-03-01,2020-03-01T18:30:54
7326,東証マザーズ,業種保険業,ＳＢＩインシュアランスグループ,891.0,898.0,850.0,864.0,0.32,21.17,0.55,"44,000",100,"21,444百万円","24,820千株",2020-03-01,2020-03-01T18:30:56
7670,東証２部,業種卸売業,オーウエル,616.0,625.0,610.0,613.0,0.09,5.84,0.36,"33,100",100,"6,436百万円","10,500千株",2020-03-01,2020-03-01T18:30:58
7671,東証マザーズ,業種小売業,ＡｍｉｄＡホールディングス,"1,056.0","1,095.0","1,055.0","1,066.0",0.82,14.78,1.58,"12,300",100,"2,242百万円","2,104千株",2020-03-01,2020-03-01T18:31:00
7673,東証２部,業種卸売業,ダイコー通産,"1,065.0","1,130.0","1,036.0","1,047.0",0.37,11.25,0.98,"91,400",100,"5,583百万円","5,332千株",2020-03-01,2020-03-01T18:31:02
7674,東証マザーズ,業種小売業,ＮＡＴＴＹＳＷＡＮＫＹ,"3,000.0","3,100.0","2,770.0","2,820.0",1.49,22.33,3.09,"46,500",100,"5,941百万円","2,106千株",2020-03-01,2020-03-01T18:31:03
7676,東証マザーズ,業種小売業,グッドスピード,"1,010.0","1,120.0","1,001.0","1,080.0",0.10,13.06,2.37,"58,200",100,"3,310百万円","3,065千株",2020-03-01,2020-03-01T18:31:05
7677,東証２部,業種卸売業,ヤシマキザイ,"1,702.0","1,739.0","1,662.0","1,702.0",0.13,,,"12,000",100,"4,901百万円","2,880千株",2020-03-01,2020-03-01T18:31:07
7678,東証JASDAQ（スタンダード）,業種小売業,あさくま,"1,601.0","1,618.0","1,596.0","1,600.0",0.90,,,"19,000",100,"8,528百万円","5,330千株",2020-03-01,2020-03-01T18:31:09
7681,東証２部,業種卸売業,レオクラン,"1,703.0","1,783.0","1,655.0","1,669.0",0.08,,,"36,500",100,"3,246百万円","1,945千株",2020-03-01,2020-03-01T18:31:11
7682,東証JASDAQ（スタンダード）,業種小売業,浜木綿,"1,832.0","1,874.0","1,800.0","1,809.0",0.37,,,"13,100",100,"1,939百万円","1,072千株",2020-03-01,2020-03-01T18:31:13
7683,東証マザーズ,業種小売業,ダブルエー,"2,320.0","2,500.0","2,301.0","2,392.0",0.88,,,"15,100",100,"11,354百万円","4,746千株",2020-03-01,2020-03-01T18:31:14
7685,東証マザーズ,業種卸売業,ＢｕｙＳｅｌｌＴｅｃｈｎｏｌｏｇｉｅｓ,"2,300.0","2,500.0","2,299.0","2,353.0",1.24,28.05,7.07,"58,100",100,"15,989百万円","6,795千株",2020-03-01,2020-03-01T18:31:16
7686,東証２部,業種卸売業,カクヤス,"1,408.0","1,449.0","1,361.0","1,381.0",0.09,,,"79,800",100,"10,523百万円","7,620千株",2020-03-01,2020-03-01T18:31:18
7782,東証１部,業種精密機器,シンシア,467.0,467.0,443.0,445.0,0.69,36.20,1.61,"36,300",100,"3,053百万円","6,862千株",2020-03-01,2020-03-01T18:31:20
7800,東証JASDAQ（スタンダード）,業種その他製品,アミファ,721.0,749.0,660.0,677.0,0.43,10.57,1.06,"111,200",100,"2,166百万円","3,200千株",2020-03-01,2020-03-01T18:31:21
7803,東証マザーズ,業種その他製品,ブシロード,"2,300.0","2,397.0","2,220.0","2,238.0",1.12,16.93,3.03,"439,600",100,"36,117百万円","16,138千株",2020-03-01,2020-03-01T18:31:23
7804,東証マザーズ,業種その他製品,ビーアンドピー,"1,313.0","1,315.0","1,250.0","1,272.0",0.97,8.51,1.13,"8,100",100,"2,925百万円","2,300千株",2020-03-01,2020-03-01T18:31:25
7805,東証JASDAQ（スタンダード）,業種その他製品,プリントネット,467.0,480.0,452.0,452.0,0.30,,0.75,"49,800",100,"2,468百万円","5,460千株",2020-03-01,2020-03-01T18:31:27
7806,東証マザーズ,業種その他製品,ＭＴＧ,700.0,709.0,662.0,663.0,0.73,,0.83,"205,000",100,"26,342百万円","39,733千株",2020-03-01,2020-03-01T18:31:28
7807,東証JASDAQ（スタンダード）,業種その他製品,幸和製作所,829.0,841.0,798.0,798.0,0.75,,2.68,"11,500",100,"3,415百万円","4,280千株",2020-03-01,2020-03-01T18:31:30
7808,東証JASDAQ（スタンダード）,業種その他製品,シー・エス・ランバー,"1,360.0","1,366.0","1,230.0","1,250.0",0.29,12.14,0.82,"7,800",100,"2,271百万円","1,817千株",2020-03-01,2020-03-01T18:31:32
7809,東証JASDAQ（スタンダード）,業種その他製品,壽屋,"1,491.0","1,491.0","1,431.0","1,445.0",0.48,28.76,1.39,"16,800",100,"3,982百万円","2,756千株",2020-03-01,2020-03-01T18:31:34
7810,東証JASDAQ（スタンダード）,業種その他製品,クロスフォー,296.0,296.0,277.0,278.0,1.39,,1.88,"78,900",100,"4,871百万円","17,522千株",2020-03-01,2020-03-01T18:31:36
7811,東証１部,業種その他製品,中本パックス,"1,333.0","1,402.0","1,309.0","1,321.0",0.31,9.33,0.90,"66,000",100,"10,796百万円","8,173千株",2020-03-01,2020-03-01T18:31:37
7940,東証１部,業種化学,ウェーブロックホールディングス,619.0,624.0,601.0,602.0,0.23,4.11,0.59,"145,200",100,"6,694百万円","11,120千株",2020-03-01,2020-03-01T18:31:39
8919,東証１部,業種不動産業,カチタス,"3,505.0","3,650.0","3,485.0","3,620.0",1.74,22.96,7.35,"499,400",100,"142,357百万円","39,325千株",2020-03-01,2020-03-01T18:31:41
9142,東証１部,業種陸運業,ＪＲ九州,"3,280.0","3,295.0","3,215.0","3,245.0",1.15,10.54,1.21,"1,444,600",100,"510,443百万円","157,301千株",2020-03-01,2020-03-01T18:31:42
9143,東証１部,業種陸運業,ＳＧホールディングス,"2,133.0","2,146.0","2,080.0","2,128.0",0.60,15.54,1.74,"1,777,500",100,"681,379百万円","320,197千株",2020-03-01,2020-03-01T18:31:44
9260,東証１部,業種卸売業,西本Ｗｉｓｍｅｔｔａｃホールディングス,"2,657.0","2,882.0","2,657.0","2,834.0",0.22,16.31,0.77,"16,600",100,"40,676百万円","14,353千株",2020-03-01,2020-03-01T18:31:46
9262,東証１部,業種小売業,シルバーライフ,"1,990.0","2,140.0","1,961.0","1,985.0",2.70,32.96,5.73,"303,100",100,"21,073百万円","10,616千株",2020-03-01,2020-03-01T18:31:48
9264,東証JASDAQ（スタンダード）,業種卸売業,ポエック,"2,876.0","3,030.0","2,800.0","2,800.0",1.03,37.94,3.50,"13,700",100,"5,866百万円","2,095千株",2020-03-01,2020-03-01T18:31:50
9266,東証マザーズ,業種小売業,一家ダイニングプロジェクト,772.0,799.0,725.0,741.0,0.64,37.34,3.77,"54,700",100,"4,591百万円","6,196千株",2020-03-01,2020-03-01T18:31:52
9268,東証２部,業種卸売業,オプティマスグループ,890.0,890.0,852.0,852.0,0.17,2.88,0.42,"17,400",100,"4,560百万円","5,353千株",2020-03-01,2020-03-01T18:31:54
9270,東証マザーズ,業種卸売業,バリュエンスホールディングス,"1,631.0","1,747.0","1,618.0","1,665.0",0.57,13.91,3.26,"120,000",100,"21,826百万円","13,108千株",2020-03-01,2020-03-01T18:31:55
9271,東証マザーズ,業種小売業,和心,580.0,585.0,535.0,535.0,0.49,,1.55,"10,000",100,"1,508百万円","2,818千株",2020-03-01,2020-03-01T18:31:57
9272,東証マザーズ,業種小売業,ブティックス,"2,245.0","2,245.0","1,958.0","1,958.0",3.40,56.96,7.31,"9,100",100,"4,881百万円","2,493千株",2020-03-01,2020-03-01T18:31:59
9273,東証２部,業種卸売業,コーア商事ホールディングス,"1,231.0","1,289.0","1,219.0","1,283.0",0.83,19.43,0.94,"50,000",100,"12,708百万円","9,904千株",2020-03-01,2020-03-01T18:32:01
9274,東証１部,業種卸売業,国際紙パルプ商事,264.0,269.0,256.0,256.0,0.04,7.36,0.38,"140,000",100,"19,219百万円","75,077千株",2020-03-01,2020-03-01T18:32:03
9275,東証１部,業種小売業,ナルミヤ・インターナショナル,940.0,955.0,926.0,930.0,0.31,5.03,2.64,"38,000",100,"9,394百万円","10,101千株",2020-03-01,2020-03-01T18:32:04
9279,東証マザーズ,業種小売業,ギフト,"2,777.0","2,896.0","2,729.0","2,729.0",1.49,25.44,4.30,"55,200",100,"13,521百万円","4,954千株",2020-03-01,2020-03-01T18:32:06
9281,東証,業種その他,タカラレーベン・インフラ投資法人,"114,200.0","116,700.0","113,400.0","114,700.0",15.06,37.38,1.65,"3,644",1,"22,232百万円",193千株,2020-03-01,2020-03-01T18:32:08
9282,東証,業種その他,いちごグリーンインフラ投資法人,"59,000.0","61,500.0","58,400.0","61,300.0",5.64,36.48,1.32,833,1,"6,311百万円",102千株,2020-03-01,2020-03-01T18:32:09
9283,東証,業種その他,日本再生可能エネルギーインフラ投資法人,"97,400.0","100,000.0","97,200.0","98,400.0",12.62,47.92,1.36,"2,670",1,"15,389百万円",156千株,2020-03-01,2020-03-01T18:32:11
9284,東証,業種その他,カナディアン・ソーラー・インフラ投資法人,"113,600.0","116,300.0","112,600.0","114,400.0",12.66,49.54,1.20,"3,044",1,"26,448百万円",231千株,2020-03-01,2020-03-01T18:32:13
9285,東証,業種その他,東京インフラ・エネルギー投資法人,"100,000.0","102,600.0","99,500.0","102,500.0",12.99,99.22,1.14,"1,878",1,"4,718百万円",46千株,2020-03-01,2020-03-01T18:32:14
9286,東証,業種その他,エネクス・インフラ投資法人,"93,300.0","94,100.0","92,800.0","92,900.0",6.78,22.12,1.01,"2,628",1,"8,530百万円",91千株,2020-03-01,2020-03-01T18:32:16
9287,東証,業種その他,ジャパン・インフラファンド投資法人,"98,000.0","98,000.0","95,000.0","95,000.0",,,,"2,991",1,"6,811百万円",71千株,2020-03-01,2020-03-01T18:32:17
9325,東証１部,業種倉庫・運輸関連業,ファイズホールディングス,820.0,857.0,754.0,784.0,1.00,62.87,7.26,"398,300",100,"8,483百万円","10,821千株",2020-03-01,2020-03-01T18:32:19
9434,東証１部,業種情報・通信業,ソフトバンク,"1,420.5","1,431.5","1,400.5","1,412.5",1.80,15.69,3.34,"23,191,700",100,"6,761,842百万円","4,787,145千株",2020-03-01,2020-03-01T18:32:21
9450,東証１部,業種情報・通信業,ファイバーゲート,"1,007.0","1,031.0",965.0,977.0,3.61,33.92,9.94,"459,300",100,"19,708百万円","20,172千株",2020-03-01,2020-03-01T18:32:22
9466,東証１部,業種情報・通信業,アイドママーケティングコミュニケーション,496.0,502.0,479.0,482.0,0.75,10.00,1.68,"136,000",100,"6,516百万円","13,520千株",2020-03-01,2020-03-01T18:32:25
9519,東証１部,業種電気・ガス業,レノバ,974.0,983.0,936.0,956.0,5.20,42.96,5.68,"1,046,100",100,"73,320百万円","76,695千株",2020-03-01,2020-03-01T18:32:26
