open,high,low,close,volume,date
28995.66,29278.07,28995.66,29276.82,,2020-02-10
29286.92,29286.92,29056.98,29102.51,67829314.0,2020-02-07
29388.58,29408.05,29246.93,29379.77,79384861.0,2020-02-06
29048.73,29308.89,29000.85,29290.85,94516058.0,2020-02-05
28696.74,28904.88,28696.74,28807.63,89591754.0,2020-02-04
28319.65,28630.39,28319.65,28399.81,87684545.0,2020-02-03
28813.04,28813.04,28169.53,28256.03,118882160.0,2020-01-31
28640.16,28879.71,28489.76,28859.44,84876065.0,2020-01-30
28820.53,28944.24,28728.19,28734.45,80738981.0,2020-01-29
28594.28,28823.23,28575.75,28722.85,86666750.0,2020-01-28
28542.49,28671.79,28440.47,28535.8,99290901.0,2020-01-27
29230.39,29288.79,28843.31,28989.73,97900285.0,2020-01-24
29111.02,29190.47,28966.98,29160.09,84967865.0,2020-01-23
29263.63,29320.2,29172.26,29186.27,78523146.0,2020-01-22
29269.05,29341.21,29146.47,29196.04,100433330.0,2020-01-21
29313.31,29373.62,29289.91,29348.1,119226506.0,2020-01-17
29131.95,29300.32,29131.95,29297.64,74494972.0,2020-01-16
28901.8,29127.59,28897.35,29030.22,78350616.0,2020-01-15
28895.5,29054.16,28872.27,28939.67,84258567.0,2020-01-14
28869.01,28909.91,28819.43,28907.05,72234282.0,2020-01-13
28977.52,29009.07,28789.1,28823.77,65161444.0,2020-01-10
28851.97,28988.01,28844.31,28956.9,76713631.0,2020-01-09
28556.14,28866.18,28522.51,28745.09,80874288.0,2020-01-08
28639.18,28685.5,28565.28,28583.68,71315716.0,2020-01-07
28465.5,28708.02,28418.63,28703.38,79138409.0,2020-01-06
28553.33,28716.31,28500.36,28634.88,75068172.0,2020-01-03
28638.97,28872.8,28627.77,28868.8,73668133.0,2020-01-02
28414.64,28547.35,28376.49,28538.44,68714703.0,2019-12-31
28654.76,28664.69,28428.98,28462.14,55210269.0,2019-12-30
28675.34,28701.66,28608.98,28645.26,59172869.0,2019-12-27
28539.46,28624.1,28535.15,28621.39,49393283.0,2019-12-26
28572.57,28576.8,28503.21,28515.45,25123910.0,2019-12-24
28491.78,28582.49,28491.78,28551.53,67955055.0,2019-12-23
28608.64,28608.64,28445.6,28455.09,284861411.0,2019-12-20
28278.31,28381.48,28278.24,28376.96,89718975.0,2019-12-19
28291.44,28323.25,28239.28,28239.28,87293380.0,2019-12-18
28221.75,28328.63,28220.56,28267.16,85978034.0,2019-12-17
28191.67,28337.49,28191.67,28235.89,91802249.0,2019-12-16
28123.64,28290.73,28028.32,28135.38,72738142.0,2019-12-13
27898.34,28224.95,27859.87,28132.05,80090242.0,2019-12-12
27867.31,27925.5,27801.8,27911.3,63653881.0,2019-12-11
27900.65,27949.02,27804.0,27881.72,63947813.0,2019-12-10
27987.05,28010.42,27906.14,27909.6,71818333.0,2019-12-09
27839.68,28035.85,27839.68,28015.06,67792746.0,2019-12-06
27736.05,27745.2,27562.8,27677.79,64808600.0,2019-12-05
27634.63,27727.45,27612.08,27649.78,68924995.0,2019-12-04
27501.98,27524.74,27325.13,27502.81,77535475.0,2019-12-03
28109.74,28109.84,27782.35,27783.04,73213626.0,2019-12-02
28103.16,28119.51,28042.53,28051.41,45565528.0,2019-11-29
28156.47,28174.97,28075.23,28164.0,60320818.0,2019-11-27
28080.75,28146.02,28042.21,28121.68,125691057.0,2019-11-26
27917.77,28068.69,27917.77,28066.47,73254149.0,2019-11-25
27831.23,27898.46,27773.98,27875.62,62664563.0,2019-11-22
27820.28,27828.33,27708.34,27766.29,64367510.0,2019-11-21
27879.55,27897.28,27675.28,27821.09,78681691.0,2019-11-20
28079.76,28090.21,27894.52,27934.02,73002435.0,2019-11-19
27993.22,28040.97,27969.24,28036.22,70233796.0,2019-11-18
27843.54,28004.89,27843.54,28004.89,91951930.0,2019-11-15
27757.2,27800.71,27676.97,27781.96,72440967.0,2019-11-14
27622.04,27806.4,27587.2,27783.59,74583182.0,2019-11-13
27701.59,27770.86,27635.32,27691.49,60782966.0,2019-11-12
27580.66,27714.39,27517.67,27691.49,53030637.0,2019-11-11
27686.2,27694.95,27578.97,27681.24,62357125.0,2019-11-08
27590.16,27774.67,27590.16,27674.8,74687885.0,2019-11-07
27502.74,27526.05,27407.81,27492.56,75957629.0,2019-11-06
27500.23,27560.36,27453.55,27492.63,85472338.0,2019-11-05
27402.06,27517.58,27402.06,27462.11,73925734.0,2019-11-04
27142.95,27347.43,27142.95,27347.36,78432580.0,2019-11-01
27188.37,27188.37,26918.29,27046.23,88293040.0,2019-10-31
27110.71,27204.36,26999.64,27186.69,61089711.0,2019-10-30
27061.07,27165.94,27039.76,27071.42,69014560.0,2019-10-29
27040.33,27167.88,27028.71,27090.72,78310383.0,2019-10-28
26789.61,27015.37,26765.68,26958.06,73977629.0,2019-10-25
26893.93,26931.78,26714.34,26805.53,68094274.0,2019-10-24
26835.24,26896.89,26745.0,26833.95,68707611.0,2019-10-23
26850.43,26946.64,26782.61,26788.1,68996426.0,2019-10-22
26852.67,26852.67,26747.62,26827.64,70094324.0,2019-10-21
27004.49,27018.25,26770.13,26770.2,102551310.0,2019-10-18
27032.38,27112.16,26970.29,27025.88,63847946.0,2019-10-17
26972.31,27058.34,26943.29,27001.98,65964319.0,2019-10-16
26811.2,27120.11,26811.2,27024.8,64556870.0,2019-10-15
26766.43,26874.33,26749.18,26787.36,56077933.0,2019-10-14
26694.2,27013.97,26694.2,26816.59,88576582.0,2019-10-11
26317.35,26603.31,26314.51,26496.67,62791212.0,2019-10-10
26308.23,26424.31,26249.75,26346.01,58720595.0,2019-10-09
26276.59,26421.81,26139.8,26164.04,71569646.0,2019-10-08
26502.33,26655.84,26424.54,26478.02,64404052.0,2019-10-07
26271.7,26590.74,26271.7,26573.72,70097018.0,2019-10-04
26039.02,26205.2,25743.46,26201.04,71288145.0,2019-10-03
26425.86,26438.04,25974.12,26078.62,97228413.0,2019-10-02
26962.54,27046.21,26562.22,26573.04,76231399.0,2019-10-01
26852.33,26998.86,26852.33,26916.83,75183598.0,2019-09-30
26987.26,27012.54,26715.82,26820.25,67977490.0,2019-09-27
27004.11,27015.07,26803.84,26891.12,72942157.0,2019-09-26
26866.71,27016.56,26755.86,26970.71,75153042.0,2019-09-25
27034.07,27079.68,26704.96,26807.77,102325907.0,2019-09-24
26851.45,27011.07,26831.34,26949.99,69351291.0,2019-09-23
27102.18,27194.75,26926.68,26935.07,269740303.0,2019-09-20
27186.05,27272.17,27064.21,27094.79,68699381.0,2019-09-19
27075.39,27161.93,26899.15,27147.08,70454821.0,2019-09-18
27010.12,27110.8,26984.14,27110.8,67020055.0,2019-09-17
27146.06,27172.87,27032.56,27076.82,72079672.0,2019-09-16
27216.67,27277.55,27193.95,27219.52,72147749.0,2019-09-13
27197.32,27306.73,27105.01,27182.45,80090206.0,2019-09-12
26928.05,27137.04,26885.48,27137.04,80088953.0,2019-09-11
26805.83,26909.43,26717.05,26909.43,87146222.0,2019-09-10
26866.23,26900.83,26762.18,26835.51,78395202.0,2019-09-09
26790.25,26860.87,26708.39,26797.46,61308111.0,2019-09-06
26603.15,26836.3,26603.15,26728.15,76681653.0,2019-09-05
26301.99,26362.35,26244.44,26355.47,60316520.0,2019-09-04
26198.26,26198.26,25978.22,26118.02,68764811.0,2019-09-03
26476.39,26514.62,26295.59,26403.28,76378478.0,2019-08-30
26249.09,26408.84,26185.71,26362.25,60619290.0,2019-08-29
25712.99,26041.57,25637.43,26036.1,58363078.0,2019-08-28
26014.46,26054.02,25721.85,25777.9,82129995.0,2019-08-27
25826.05,25941.25,25716.39,25898.83,68612149.0,2019-08-26
26134.21,26320.29,25507.18,25628.9,117613080.0,2019-08-23
26271.64,26388.78,26099.01,26252.24,67283546.0,2019-08-22
26145.36,26268.32,26141.77,26202.73,56989580.0,2019-08-21
26086.86,26160.12,25952.0,25962.44,66744264.0,2019-08-20
26020.06,26222.32,26020.06,26135.79,73325471.0,2019-08-19
25678.17,25929.65,25678.17,25886.01,92593263.0,2019-08-16
25514.25,25639.69,25339.6,25579.39,89837452.0,2019-08-15
26035.08,26035.08,25471.59,25479.42,111911416.0,2019-08-14
25888.88,26426.97,25833.25,26279.91,85664387.0,2019-08-13
26169.91,26178.95,25824.94,25907.37,52795476.0,2019-08-12
26337.09,26413.36,26097.64,26287.44,72752433.0,2019-08-09
26086.52,26383.61,26038.1,26378.19,94675951.0,2019-08-08
25814.22,26073.21,25440.39,26007.07,96661988.0,2019-08-07
25810.62,26038.68,25710.87,26029.52,93182987.0,2019-08-06
26259.23,26259.23,25523.38,25717.74,131339171.0,2019-08-05
26528.66,26570.02,26249.22,26485.01,92172774.0,2019-08-02
26879.86,27175.59,26548.71,26583.42,100319211.0,2019-08-01
27244.67,27281.65,26719.6,26864.27,111568085.0,2019-07-31
27145.39,27224.36,27069.86,27198.02,67082093.0,2019-07-30
27192.24,27275.85,27178.06,27221.35,61811311.0,2019-07-29
27166.0,27213.7,27123.25,27192.45,66984453.0,2019-07-26
27247.39,27298.43,27062.48,27140.98,72875119.0,2019-07-25
27262.24,27291.04,27191.12,27269.97,67344708.0,2019-07-24
27231.86,27368.81,27204.58,27349.19,60634530.0,2019-07-23
27174.18,27227.77,27088.9,27171.9,62385371.0,2019-07-22
27246.38,27342.96,27145.78,27154.2,85021494.0,2019-07-19
27191.98,27266.81,27068.79,27222.97,59842456.0,2019-07-18
27320.91,27343.06,27218.38,27219.85,58206485.0,2019-07-17
27349.32,27398.68,27290.24,27335.63,61518825.0,2019-07-16
27364.69,27364.69,27294.17,27359.16,59461910.0,2019-07-15
27139.49,27333.79,27135.45,27332.03,67077170.0,2019-07-12
26950.16,27088.45,26916.32,27088.08,65983448.0,2019-07-11
26851.96,26983.45,26813.11,26860.2,56646494.0,2019-07-10
26725.12,26807.7,26665.57,26783.49,59716241.0,2019-07-09
26835.64,26839.14,26744.87,26806.14,58888354.0,2019-07-08
26867.75,26950.81,26733.33,26922.12,57974609.0,2019-07-05
26832.32,26966.0,26831.44,26966.0,47135213.0,2019-07-03
26719.53,26787.56,26632.65,26786.68,61599400.0,2019-07-02
26805.86,26890.64,26616.21,26717.43,74795875.0,2019-07-01
26605.93,26638.35,26522.27,26599.96,193414082.0,2019-06-28
26523.72,26607.24,26465.32,26526.58,69472372.0,2019-06-27
26599.42,26660.04,26536.33,26536.82,87917378.0,2019-06-26
26731.61,26752.31,26527.66,26548.22,88680357.0,2019-06-25
26727.61,26806.52,26723.37,26727.54,71279019.0,2019-06-24
26749.12,26907.37,26705.87,26719.13,255262159.0,2019-06-21
26665.38,26798.63,26539.69,26753.17,90458535.0,2019-06-20
26490.16,26569.75,26415.05,26504.0,79768317.0,2019-06-19
26228.88,26527.19,26227.76,26465.54,77139966.0,2019-06-18
26108.53,26165.78,26049.8,26112.53,58680998.0,2019-06-17
26076.36,26162.28,25988.09,26089.61,63363516.0,2019-06-14
26036.94,26146.91,25995.71,26106.77,59831609.0,2019-06-13
26040.3,26082.1,25958.66,26004.83,60766455.0,2019-06-12
26180.59,26248.67,25998.87,26048.51,63724119.0,2019-06-11
26090.22,26210.61,26054.31,26062.68,67329223.0,2019-06-10
25768.72,26072.75,25768.72,25983.94,78400042.0,2019-06-07
25567.45,25800.3,25518.05,25720.66,74599844.0,2019-06-06
25451.0,25544.66,25373.58,25539.57,80928110.0,2019-06-05
24962.82,25343.77,24962.82,25332.18,79877402.0,2019-06-04
24830.16,24935.21,24680.57,24819.78,104387683.0,2019-06-03
25046.31,25046.31,24809.51,24815.04,87368469.0,2019-05-31
25139.94,25218.54,25066.75,25169.88,56018064.0,2019-05-30
25231.46,25231.46,24938.24,25126.41,86128485.0,2019-05-29
25616.55,25717.63,25342.28,25347.77,159863988.0,2019-05-28
25551.07,25670.81,25496.2,25585.69,55865417.0,2019-05-24
25657.99,25657.99,25328.09,25490.47,94975921.0,2019-05-23
25818.46,25878.21,25755.11,25776.61,66606252.0,2019-05-22
25782.34,25898.27,25779.61,25877.33,74103259.0,2019-05-21
25655.31,25751.71,25560.55,25679.9,82899830.0,2019-05-20
25719.95,25948.74,25657.78,25764.0,93425881.0,2019-05-17
25692.14,25957.63,25692.14,25862.68,89963767.0,2019-05-16
25400.13,25724.89,25341.94,25648.02,75908341.0,2019-05-15
25384.03,25688.96,25384.03,25532.05,85595124.0,2019-05-14
25568.06,25568.06,25222.51,25324.99,110066505.0,2019-05-13
25763.72,26019.32,25469.86,25942.37,85440597.0,2019-05-10
25878.85,25884.89,25517.39,25828.36,92110205.0,2019-05-09
25933.79,26118.1,25889.41,25967.33,83394821.0,2019-05-08
26276.9,26276.9,25789.71,25965.09,101667760.0,2019-05-07
26160.62,26476.27,26033.95,26438.48,81726671.0,2019-05-06
26379.14,26534.96,26370.09,26504.95,70125247.0,2019-05-03
26407.15,26454.69,26180.36,26307.79,74879270.0,2019-05-02
26639.06,26689.39,26426.38,26430.14,87890285.0,2019-05-01
26594.56,26614.04,26419.47,26592.91,102744915.0,2019-04-30
26559.87,26602.54,26520.75,26554.39,73385866.0,2019-04-29
26454.62,26543.56,26392.55,26543.33,87349486.0,2019-04-26
26426.37,26536.48,26310.28,26462.08,76621560.0,2019-04-25
26652.56,26680.58,26582.86,26597.05,75358154.0,2019-04-24
26513.83,26695.96,26503.56,26656.39,80930859.0,2019-04-23
26510.77,26553.05,26458.61,26511.05,62893325.0,2019-04-22
26463.37,26602.42,26444.53,26559.54,102921362.0,2019-04-18
26468.53,26501.02,26391.86,26449.54,90511955.0,2019-04-17
26482.19,26530.71,26397.19,26452.66,72985137.0,2019-04-16
26407.76,26424.85,26316.42,26384.77,72472418.0,2019-04-15
26357.79,26436.68,26309.72,26412.3,83562500.0,2019-04-12
26188.21,26229.88,26062.59,26143.05,56487907.0,2019-04-11
26173.71,26209.49,26101.24,26157.16,56200910.0,2019-04-10
26243.54,26246.34,26103.14,26150.58,68183307.0,2019-04-09
26312.67,26344.65,26246.03,26341.02,65708631.0,2019-04-08
26427.56,26487.57,26370.82,26424.99,60326993.0,2019-04-05
26213.42,26398.9,26212.78,26384.63,64994229.0,2019-04-04
26238.03,26282.17,26138.47,26218.13,79809911.0,2019-04-03
26213.55,26221.24,26122.31,26179.13,69646651.0,2019-04-02
26075.1,26280.9,26071.69,26258.42,83658052.0,2019-04-01
25827.31,25949.32,25771.67,25928.68,107949567.0,2019-03-29
25693.32,25743.41,25576.69,25717.46,67653145.0,2019-03-28
25676.34,25758.17,25425.27,25625.59,77429047.0,2019-03-27
25649.56,25796.29,25544.78,25657.73,94783023.0,2019-03-26
25490.72,25603.27,25372.26,25516.83,78791355.0,2019-03-25
25844.65,25877.01,25501.45,25502.32,109046544.0,2019-03-22
25688.44,26009.9,25657.78,25962.51,95104506.0,2019-03-21
25867.79,25929.52,25670.63,25745.67,97143699.0,2019-03-20
25987.87,26109.68,25814.92,25887.38,118528388.0,2019-03-19
25801.88,25924.77,25785.66,25914.1,97030797.0,2019-03-18
25720.96,25927.91,25649.7,25848.87,321929010.0,2019-03-15
25692.31,25752.84,25621.31,25709.94,95416063.0,2019-03-14
25637.23,25776.49,25571.31,25702.89,94467632.0,2019-03-13
25600.3,25675.44,25522.17,25554.66,86151851.0,2019-03-12
25208.0,25661.63,25208.0,25650.88,86119489.0,2019-03-11
25347.38,25466.14,25252.46,25450.24,76669938.0,2019-03-08
25645.45,25645.45,25352.55,25473.23,82909975.0,2019-03-07
25818.76,25837.61,25633.71,25673.46,72280889.0,2019-03-06
25829.07,25877.15,25725.63,25806.63,76830150.0,2019-03-05
26122.19,26155.98,25611.55,25819.65,86355671.0,2019-03-04
26019.67,26143.92,25914.37,26026.32,85813876.0,2019-03-01
25984.28,26029.21,25896.56,25916.0,117897726.0,2019-02-28
25995.6,26039.68,25877.24,25985.16,68562270.0,2019-02-27
26051.61,26155.29,25966.01,26057.98,74980090.0,2019-02-26
26126.15,26241.42,26080.66,26091.95,82976188.0,2019-02-25
25906.27,26052.9,25906.27,26031.81,80981851.0,2019-02-22
25922.41,25938.88,25762.21,25850.63,69199992.0,2019-02-21
25872.26,25986.2,25846.48,25954.44,81036550.0,2019-02-20
25849.85,25961.44,25820.01,25891.32,78867106.0,2019-02-19
25564.63,25883.72,25564.63,25883.25,109357435.0,2019-02-15
25460.65,25558.9,25308.09,25439.39,83407240.0,2019-02-14
25480.86,25625.95,25480.86,25543.27,72371362.0,2019-02-13
25152.03,25458.98,25152.03,25425.76,81712705.0,2019-02-12
25142.81,25196.75,25009.1,25053.11,77602627.0,2019-02-11
25042.36,25106.39,24883.04,25106.33,72703735.0,2019-02-08
25265.81,25314.26,25000.52,25169.53,89393389.0,2019-02-07
25371.57,25439.04,25312.06,25390.3,71643621.0,2019-02-06
25287.93,25427.32,25287.65,25411.52,91156100.0,2019-02-05
25062.12,25239.91,24977.67,25239.37,85456954.0,2019-02-04
25025.31,25193.15,24982.49,25063.89,109429687.0,2019-02-01
24954.48,25049.62,24842.09,24999.67,166845214.0,2019-01-31
24826.52,25109.62,24790.9,25014.86,102262745.0,2019-01-30
24519.62,24674.87,24504.04,24579.96,83260900.0,2019-01-29
24596.98,24596.98,24323.94,24528.22,91457455.0,2019-01-28
24687.21,24860.15,24676.75,24737.2,110503666.0,2019-01-25
24579.96,24626.3,24422.73,24553.24,87957072.0,2019-01-24
24577.25,24700.98,24307.17,24575.62,89585668.0,2019-01-23
24607.76,24607.76,24244.31,24404.48,112807554.0,2019-01-22
24534.19,24750.22,24459.03,24706.35,135318691.0,2019-01-18
24147.09,24474.46,24088.9,24370.1,81215137.0,2019-01-17
24139.91,24288.61,24119.72,24207.16,87148627.0,2019-01-16
23914.11,24099.14,23887.93,24065.59,85541723.0,2019-01-15
23880.53,23964.9,23765.24,23909.84,91713169.0,2019-01-14
23940.01,23996.32,23798.16,23995.95,81286827.0,2019-01-11
23811.11,24014.78,23703.25,24001.92,104184937.0,2019-01-10
23844.27,23985.45,23776.56,23879.12,93783100.0,2019-01-09
23680.32,23864.65,23581.45,23787.45,91689625.0,2019-01-08
23474.26,23687.74,23301.59,23531.35,104392834.0,2019-01-07
22894.92,23518.64,22894.92,23433.16,129924110.0,2019-01-04
23176.39,23176.39,22638.41,22686.22,128949958.0,2019-01-03
23058.61,23413.47,22928.59,23346.24,100597540.0,2019-01-02
23153.94,23333.18,23118.3,23327.46,98450358.0,2018-12-31
23213.61,23381.88,22981.33,23062.4,96900157.0,2018-12-28
22629.06,23138.89,22267.42,23138.82,132928540.0,2018-12-27
21857.73,22878.92,21712.53,22878.45,135065634.0,2018-12-26
22317.28,22339.87,21792.2,21792.2,92293159.0,2018-12-24
22871.74,23254.59,22396.34,22445.37,441125970.0,2018-12-21
23224.12,23282.2,22644.31,22859.6,185663812.0,2018-12-20
23693.33,24057.34,23162.64,23323.66,154592391.0,2018-12-19
23769.13,23927.77,23516.02,23675.64,125914510.0,2018-12-18
23986.83,24088.08,23456.88,23592.98,147762765.0,2018-12-17
24408.04,24431.14,24033.79,24100.51,123952784.0,2018-12-14
24575.86,24740.96,24473.29,24597.38,92642418.0,2018-12-13
24509.09,24828.29,24509.09,24527.27,104059690.0,2018-12-12
24719.91,24791.26,24221.06,24370.24,98286479.0,2018-12-11
24360.95,24500.81,23881.37,24423.26,113351808.0,2018-12-10
24918.82,25095.62,24284.78,24388.95,124372441.0,2018-12-07
24737.42,24951.01,24242.22,24947.67,147265874.0,2018-12-06
25752.56,25773.12,25008.11,25027.07,139285028.0,2018-12-04
25779.57,25980.21,25670.51,25826.43,113928634.0,2018-12-03
25307.14,25549.71,25250.97,25538.46,187768761.0,2018-11-30
25340.3,25479.04,25202.79,25338.84,80253858.0,2018-11-29
24832.84,25368.93,24832.84,25366.43,105708284.0,2018-11-28
24557.02,24750.73,24416.03,24748.73,86202920.0,2018-11-27
24364.13,24673.29,24364.13,24640.24,88957612.0,2018-11-26
24336.4,24408.8,24268.74,24285.95,45312027.0,2018-11-23
24541.65,24669.79,24463.28,24464.69,86168664.0,2018-11-21
24618.68,24707.26,24368.98,24465.64,128214475.0,2018-11-20
25392.61,25392.61,24900.98,25017.44,104150991.0,2018-11-19
25242.35,25510.23,25147.8,25413.22,126867216.0,2018-11-16
25061.48,25354.56,24787.79,25289.27,112654692.0,2018-11-15
25388.08,25501.29,24935.82,25080.5,114013353.0,2018-11-14
25321.21,25511.03,25193.78,25286.49,97261266.0,2018-11-13
25959.33,25966.71,25340.51,25387.18,101181926.0,2018-11-12
26149.11,26161.49,25882.91,25989.3,101913635.0,2018-11-09
26139.59,26277.82,26081.9,26191.22,80450478.0,2018-11-08
25788.46,26200.14,25765.88,26180.3,104669169.0,2018-11-07
25452.83,25651.86,25444.9,25635.01,82628250.0,2018-11-06
25261.47,25507.35,25261.47,25461.7,99050294.0,2018-11-05
25443.6,25578.98,25078.72,25270.83,128816000.0,2018-11-02
25142.08,25396.47,25108.11,25380.74,107754450.0,2018-11-01
25008.82,25336.55,25008.82,25115.76,135693477.0,2018-10-31
24482.04,24906.68,24415.69,24874.64,140373515.0,2018-10-30
24818.98,25040.58,24122.23,24442.92,121107251.0,2018-10-29
24770.25,24916.16,24445.19,24688.31,143088915.0,2018-10-26
24736.54,25104.29,24645.56,24984.55,118362050.0,2018-10-25
25172.88,25306.23,24533.19,24583.42,136766842.0,2018-10-24
25038.46,25307.7,24768.79,25191.43,108172631.0,2018-10-23
25492.14,25561.34,25236.05,25317.41,84662046.0,2018-10-22
25421.09,25608.71,25350.02,25444.34,113175680.0,2018-10-19
25645.56,25691.46,25236.01,25379.45,90745080.0,2018-10-18
25705.87,25810.09,25479.16,25706.68,89596608.0,2018-10-17
25351.53,25817.68,25351.53,25798.42,86131552.0,2018-10-16
25332.46,25482.42,25243.88,25250.55,87150376.0,2018-10-15
25407.63,25467.55,25000.83,25339.99,121152656.0,2018-10-12
25518.39,25683.64,24899.77,25052.83,152324928.0,2018-10-11
26441.73,26441.73,25593.65,25598.74,133223184.0,2018-10-10
26469.19,26539.94,26324.16,26430.57,76806488.0,2018-10-09
26399.45,26529.35,26223.09,26486.78,84140664.0,2018-10-08
26632.77,26676.16,26301.81,26447.05,77864472.0,2018-10-05
26784.08,26793.82,26471.61,26627.48,80867272.0,2018-10-04
26833.47,26951.81,26789.08,26828.39,82053240.0,2018-10-03
26648.91,26824.78,26627.66,26773.94,77276488.0,2018-10-02
26598.36,26737.98,26596.05,26651.21,70675288.0,2018-10-01
26407.66,26515.76,26383.57,26458.31,85496200.0,2018-09-28
26418.27,26557.01,26379.95,26439.93,74440352.0,2018-09-27
26536.86,26606.09,26349.34,26385.28,82400016.0,2018-09-26
26601.58,26634.85,26475.58,26492.21,75309408.0,2018-09-25
26705.25,26709.94,26548.68,26562.05,79881352.0,2018-09-24
26726.25,26769.16,26680.37,26743.5,372471360.0,2018-09-21
26519.39,26697.49,26519.39,26656.98,80659488.0,2018-09-20
26287.84,26464.41,26280.76,26405.76,72953664.0,2018-09-19
26076.21,26317.34,26076.21,26246.96,73229944.0,2018-09-18
26151.66,26184.47,26030.35,26062.12,72792232.0,2018-09-17
26169.56,26211.11,26068.29,26154.67,64677332.0,2018-09-14
26083.94,26191.64,26067.08,26145.99,74189584.0,2018-09-13
25989.07,26145.72,25929.43,25998.92,82440720.0,2018-09-12
25841.14,26019.92,25754.32,25971.06,77315272.0,2018-09-11
25991.91,26039.96,25854.13,25857.07,80762496.0,2018-09-10
25951.02,26002.99,25818.39,25916.54,85845088.0,2018-09-07
25973.02,26073.68,25880.84,25995.87,80743040.0,2018-09-06
25919.84,26011.22,25871.04,25974.99,88515368.0,2018-09-05
25916.07,25971.77,25805.95,25952.48,75453760.0,2018-09-04
25964.85,26028.83,25879.77,25964.82,97360008.0,2018-08-31
26099.01,26104.37,25934.8,25986.92,62604524.0,2018-08-30
26082.53,26167.94,26035.3,26124.57,61484784.0,2018-08-29
26092.7,26122.24,26037.85,26064.02,58625064.0,2018-08-28
25882.71,26067.57,25882.71,26049.64,62500940.0,2018-08-27
25688.58,25826.05,25688.58,25790.35,60083020.0,2018-08-24
25714.86,25762.56,25608.02,25656.98,62561004.0,2018-08-23
25825.06,25836.16,25722.43,25733.6,53939888.0,2018-08-22
25786.99,25888.82,25784.9,25822.29,66844396.0,2018-08-21
25727.7,25790.17,25716.41,25758.69,63537020.0,2018-08-20
25550.8,25728.16,25521.66,25669.32,81028248.0,2018-08-17
25294.97,25607.34,25294.97,25558.73,85374528.0,2018-08-16
25235.37,25235.37,24965.77,25162.41,79783352.0,2018-08-15
25215.69,25339.51,25201.87,25299.92,57509176.0,2018-08-14
25327.19,25381.39,25153.93,25187.7,64198680.0,2018-08-13
25401.19,25401.19,25222.88,25313.14,60954752.0,2018-08-10
25589.79,25613.31,25492.69,25509.23,59553920.0,2018-08-09
25615.72,25634.11,25557.48,25583.75,60567820.0,2018-08-08
25551.65,25692.72,25551.65,25628.91,64961976.0,2018-08-07
25437.43,25540.02,25381.38,25502.18,66822708.0,2018-08-06
25360.37,25467.9,25325.17,25462.58,67528456.0,2018-08-03
25256.45,25360.48,25120.07,25326.16,81618136.0,2018-08-02
25461.63,25488.8,25278.32,25333.82,82420312.0,2018-08-01
25345.21,25490.98,25345.21,25415.19,128328728.0,2018-07-31
25439.32,25500.16,25287.38,25306.83,84874728.0,2018-07-30
25520.52,25580.22,25370.07,25451.06,93887224.0,2018-07-27
25468.55,25587.24,25463.16,25527.07,95788672.0,2018-07-26
25183.7,25432.87,25113.55,25414.1,92419160.0,2018-07-25
25092.43,25286.62,25092.43,25241.94,85381312.0,2018-07-24
25036.9,25081.45,24983.33,25044.29,80936168.0,2018-07-23
25041.14,25124.1,24986.35,25058.12,121151336.0,2018-07-20
25139.15,25154.17,25052.62,25064.5,88748160.0,2018-07-19
25133.79,25215.32,25101.12,25199.29,76769264.0,2018-07-18
25033.92,25155.39,24989.61,25119.89,82149760.0,2018-07-17
25025.58,25072.41,24979.64,25064.36,78903152.0,2018-07-16
24926.07,25043.21,24890.06,25019.41,78989320.0,2018-07-13
24802.9,24939.97,24802.9,24924.89,78658616.0,2018-07-12
24789.48,24815.16,24663.82,24700.45,77924224.0,2018-07-11
24806.97,24945.38,24806.97,24919.66,78618376.0,2018-07-10
24525.23,24796.29,24525.23,24776.59,80515008.0,2018-07-09
24352.47,24520.29,24281.47,24456.48,84739696.0,2018-07-06
24285.82,24372.8,24177.44,24356.74,88005704.0,2018-07-05
24359.39,24444.88,24150.85,24174.82,64243968.0,2018-07-03
24161.53,24319.42,24077.56,24307.18,91452984.0,2018-07-02
24323.93,24509.52,24269.71,24271.41,126101120.0,2018-06-29
24064.19,24308.16,23997.21,24216.05,95902528.0,2018-06-28
24303.11,24569.02,24115.82,24117.59,117435992.0,2018-06-27
24281.89,24384.21,24241.22,24283.11,124961888.0,2018-06-26
24463.73,24463.73,24084.39,24252.8,126956384.0,2018-06-25
24526.97,24663.18,24526.97,24580.89,187244800.0,2018-06-22
24639.21,24639.21,24406.63,24461.7,91342448.0,2018-06-21
24771.17,24804.76,24628.39,24657.8,93328952.0,2018-06-20
24763.59,24763.59,24567.75,24700.21,109256848.0,2018-06-19
24944.28,25003.1,24825.77,24987.47,96097032.0,2018-06-18
25116.71,25130.82,24894.38,25090.48,355028704.0,2018-06-15
25254.65,25332.5,25138.6,25175.31,101273864.0,2018-06-14
25328.65,25362.07,25191.42,25201.2,100789752.0,2018-06-13
25346.82,25364.37,25247.04,25320.73,77560288.0,2018-06-12
25336.67,25402.83,25290.2,25322.31,81025408.0,2018-06-11
25209.29,25325.63,25165.7,25316.53,97049840.0,2018-06-08
25192.14,25326.09,25164.48,25241.41,99031160.0,2018-06-07
24854.14,25146.46,24854.14,25146.39,96312176.0,2018-06-06
24820.12,24838.78,24710.82,24799.98,83878808.0,2018-06-05
24727.55,24859.37,24722.14,24813.69,84598568.0,2018-06-04
24542.09,24673.6,24542.09,24635.21,85411824.0,2018-06-01
24620.79,24620.79,24352.15,24415.84,164421232.0,2018-05-31
24467.83,24714.48,24459.09,24667.78,92477024.0,2018-05-30
24606.59,24635.18,24247.84,24361.45,120239544.0,2018-05-29
24781.29,24824.22,24687.81,24753.09,72276784.0,2018-05-25
24877.36,24877.36,24605.9,24811.76,93461632.0,2018-05-24
24757.71,24889.46,24667.12,24886.81,113441560.0,2018-05-23
25047.55,25064.99,24812.06,24834.41,78549624.0,2018-05-22
24883.06,25086.49,24883.06,25013.29,82238456.0,2018-05-21
24707.72,24774.97,24664.87,24715.09,83546264.0,2018-05-18
24752.4,24839.49,24639.4,24713.98,78491888.0,2018-05-17
24722.32,24801.19,24672.79,24768.93,79616480.0,2018-05-16
24809.55,24809.55,24629.39,24706.41,90590392.0,2018-05-15
24879.37,24994.19,24862.52,24899.41,80259936.0,2018-05-14
24758.64,24868.65,24717.5,24831.17,83038152.0,2018-05-11
24591.66,24794.99,24575.91,24739.53,81118512.0,2018-05-10
24399.18,24586.48,24323.87,24542.54,92958016.0,2018-05-09
24341.35,24412.34,24198.34,24360.21,94052520.0,2018-05-08
24317.66,24479.45,24263.42,24357.32,81305952.0,2018-05-07
23865.22,24333.35,23778.87,24262.51,93759520.0,2018-05-04
23836.23,23996.15,23531.31,23930.15,111490712.0,2018-05-03
24097.63,24185.52,23886.3,23924.98,105000072.0,2018-05-02
24117.29,24117.29,23808.19,24099.05,99079536.0,2018-05-01
24410.41,24498.23,24163.08,24163.15,127068496.0,2018-04-30
24342.14,24359.38,24194.45,24311.19,97712952.0,2018-04-27
24128.72,24402.46,24128.72,24322.34,107519368.0,2018-04-26
24070.2,24146.34,23823.08,24083.83,114897536.0,2018-04-25
24579.94,24579.94,23828.73,24024.13,122367992.0,2018-04-24
24488.07,24536.89,24328.54,24448.69,104562160.0,2018-04-23
24657.39,24678.07,24375.04,24462.94,160586400.0,2018-04-20
24711.3,24762.48,24557.03,24664.89,99210024.0,2018-04-19
24820.85,24832.54,24721.09,24748.07,77454816.0,2018-04-18
24681.79,24858.97,24681.79,24786.63,87219104.0,2018-04-17
24483.15,24675.36,24480.2,24573.04,85438152.0,2018-04-16
24582.82,24646.45,24243.74,24360.14,85816528.0,2018-04-13
24302.82,24592.12,24302.82,24483.05,94168456.0,2018-04-12
24274.19,24366.57,24150.87,24189.45,78547768.0,2018-04-11
24198.95,24511.35,24198.95,24408.0,109322408.0,2018-04-10
24037.52,24373.18,23954.83,23979.1,117434656.0,2018-04-09
24373.6,24434.4,23738.2,23932.76,116689928.0,2018-04-06
24313.91,24622.26,24313.91,24505.22,100243040.0,2018-04-05
23654.15,24308.96,23523.16,24264.3,113330128.0,2018-04-04
23698.33,24044.35,23664.33,24033.36,115983168.0,2018-04-03
24076.6,24123.8,23344.52,23644.19,154073104.0,2018-04-02
23949.18,24314.3,23928.13,24103.11,164787520.0,2018-03-29
23883.08,24092.47,23728.67,23848.42,144364304.0,2018-03-28
24276.62,24446.22,23708.73,23857.71,143578704.0,2018-03-27
23825.74,24232.3,23741.22,24202.6,143708176.0,2018-03-26
23995.18,24108.47,23509.06,23533.2,140958256.0,2018-03-23
24526.01,24526.01,23938.74,23957.89,125157352.0,2018-03-22
24723.49,24977.65,24655.4,24682.31,97199392.0,2018-03-21
24650.64,24803.61,24650.64,24727.27,95064184.0,2018-03-20
24893.69,24893.69,24453.14,24610.91,115809088.0,2018-03-19
24877.34,25031.0,24857.09,24946.51,349358784.0,2018-03-16
24837.29,25053.87,24753.29,24873.66,90799352.0,2018-03-15
25086.97,25130.12,24668.83,24758.12,102684624.0,2018-03-14
25257.75,25376.4,24947.5,25007.03,110511776.0,2018-03-13
25372.44,25449.15,25152.02,25178.61,99533760.0,2018-03-12
25004.89,25336.33,25004.89,25335.74,102187552.0,2018-03-09
24853.41,24950.49,24703.05,24895.21,88846864.0,2018-03-08
24758.15,24849.68,24535.12,24801.36,102300008.0,2018-03-07
24965.89,24995.24,24708.41,24884.12,93405184.0,2018-03-06
24471.31,24961.0,24387.15,24874.76,105004560.0,2018-03-05
24394.91,24592.46,24217.76,24538.06,120190200.0,2018-03-02
25024.04,25185.35,24442.56,24608.98,135695648.0,2018-03-01
25485.15,25576.15,25022.42,25029.2,135532448.0,2018-02-28
25735.78,25800.35,25407.83,25410.03,119203008.0,2018-02-27
25403.35,25732.8,25398.56,25709.27,123397944.0,2018-02-26
25050.51,25313.91,25028.73,25309.99,91399808.0,2018-02-23
24855.41,25156.72,24854.83,24962.48,96386776.0,2018-02-22
24988.06,25267.99,24792.99,24797.78,124434712.0,2018-02-21
25124.91,25179.01,24884.19,24964.75,103980552.0,2018-02-20
25165.94,25432.42,25149.26,25219.38,127026632.0,2018-02-16
25047.82,25203.95,24809.42,25200.37,110581240.0,2018-02-15
24535.82,24925.95,24490.36,24893.49,114401024.0,2018-02-14
24540.33,24705.72,24421.03,24640.45,99077712.0,2018-02-13
24337.76,24765.16,24290.48,24601.27,149693824.0,2018-02-12
23992.67,24382.14,23360.29,24190.9,198760880.0,2018-02-09
24902.3,24903.68,23849.23,23860.46,179770672.0,2018-02-08
24892.87,25293.96,24785.44,24893.35,146600464.0,2018-02-07
24085.17,24946.23,23778.74,24912.77,231326304.0,2018-02-06
25337.87,25520.53,23923.88,24345.75,210835440.0,2018-02-05
26061.79,26061.79,25490.66,25520.96,140879408.0,2018-02-02
26083.04,26306.7,26014.44,26186.71,111586352.0,2018-02-01
26268.17,26338.03,26050.98,26149.39,140120144.0,2018-01-31
26198.45,26256.99,26028.42,26076.89,111840144.0,2018-01-30
26584.28,26608.9,26435.34,26439.48,110919888.0,2018-01-29
26466.74,26616.71,26425.35,26616.71,123610888.0,2018-01-26
26313.06,26458.25,26259.72,26392.79,95732448.0,2018-01-25
26282.07,26392.8,26106.94,26252.12,123271104.0,2018-01-24
26214.87,26246.19,26143.9,26210.81,109272288.0,2018-01-23
26025.32,26215.23,25974.65,26214.6,126357768.0,2018-01-22
25987.35,26071.72,25942.83,26071.72,171541424.0,2018-01-19
26149.55,26153.42,25947.32,26017.81,122449616.0,2018-01-18
25910.78,26130.45,25865.02,26115.65,133700112.0,2018-01-17
25987.62,26086.12,25702.99,25792.86,171084224.0,2018-01-16
25638.39,25810.43,25633.08,25803.19,103878720.0,2018-01-12
25398.6,25575.42,25396.19,25574.73,90362032.0,2018-01-11
25348.13,25404.92,25256.99,25369.13,88364144.0,2018-01-10
25312.05,25439.78,25308.41,25385.8,88515640.0,2018-01-09
25308.4,25311.99,25235.41,25283.0,97611920.0,2018-01-08
25114.92,25299.79,25112.01,25295.87,99171640.0,2018-01-05
24964.86,25105.96,24963.27,25075.13,101492432.0,2018-01-04
24850.45,24941.92,24825.55,24922.68,113120472.0,2018-01-03
24809.35,24864.19,24741.7,24824.01,93837856.0,2018-01-02
24849.63,24871.66,24719.22,24719.22,99506544.0,2017-12-29
24807.21,24839.23,24797.13,24837.51,50944696.0,2017-12-28
24766.52,24789.52,24731.68,24774.3,60501912.0,2017-12-27
24715.84,24778.13,24708.42,24746.21,59958120.0,2017-12-26
24764.04,24784.15,24717.51,24754.06,78610392.0,2017-12-22
24778.26,24850.91,24766.27,24782.29,101366032.0,2017-12-21
24838.09,24852.44,24697.11,24726.65,99104128.0,2017-12-20
24834.38,24850.11,24715.6,24754.75,99474688.0,2017-12-19
24739.56,24876.07,24739.56,24792.2,107452160.0,2017-12-18
24585.71,24688.62,24584.44,24651.74,317292512.0,2017-12-15
24631.01,24672.48,24508.66,24508.66,84753592.0,2017-12-14
24525.19,24666.02,24518.3,24585.43,93784376.0,2017-12-13
24452.96,24552.97,24443.83,24504.8,102133696.0,2017-12-12
24338.11,24389.72,24314.74,24386.03,84768184.0,2017-12-11
24263.26,24330.12,24225.5,24329.16,81472216.0,2017-12-08
24116.6,24262.88,24101.24,24211.48,85456936.0,2017-12-07
24171.9,24229.35,24134.49,24140.91,94424800.0,2017-12-06
24335.01,24349.74,24155.28,24180.64,111255472.0,2017-12-05
24424.11,24534.04,24288.19,24290.05,117002352.0,2017-12-04
24305.4,24322.06,23921.9,24231.59,123385088.0,2017-12-01
24013.8,24327.82,24013.8,24272.35,169737200.0,2017-11-30
23883.26,23959.76,23872.59,23940.68,105143960.0,2017-11-29
23625.19,23849.61,23617.11,23836.71,87841728.0,2017-11-28
23552.86,23638.92,23545.02,23580.78,84998832.0,2017-11-27
23552.75,23599.18,23551.59,23557.99,36736260.0,2017-11-24
23597.24,23605.77,23507.61,23526.18,71066720.0,2017-11-22
23500.15,23617.8,23500.15,23590.83,92484576.0,2017-11-21
23370.71,23456.88,23360.58,23430.33,80004992.0,2017-11-20
23433.77,23433.77,23356.01,23358.24,106204512.0,2017-11-17
23365.34,23492.19,23365.34,23458.36,93734208.0,2017-11-16
23334.59,23344.99,23242.75,23271.28,97854296.0,2017-11-15
23388.4,23414.08,23271.57,23409.47,123259752.0,2017-11-14
23367.47,23461.68,23343.34,23439.7,109022184.0,2017-11-13
23432.71,23452.2,23392.96,23422.21,88393136.0,2017-11-10
23492.09,23516.74,23310.02,23461.94,79675824.0,2017-11-09
23542.6,23575.0,23510.56,23563.36,72774608.0,2017-11-08
23574.03,23602.12,23484.19,23557.23,76931408.0,2017-11-07
23533.96,23574.86,23520.75,23548.42,87854528.0,2017-11-06
23549.59,23557.06,23481.57,23539.19,78599064.0,2017-11-03
23463.24,23531.38,23350.98,23516.26,87301864.0,2017-11-02
23442.9,23517.71,23388.91,23435.01,90304176.0,2017-11-01
23369.22,23406.35,23334.39,23377.24,110803456.0,2017-10-31
23405.75,23428.75,23327.87,23348.74,107582208.0,2017-10-30
23419.16,23449.4,23353.16,23434.19,127750248.0,2017-10-27
23380.89,23459.84,23380.89,23400.86,89231720.0,2017-10-26
23431.09,23451.51,23251.11,23329.46,102606224.0,2017-10-25
23346.78,23485.25,23343.23,23441.76,88155504.0,2017-10-24
23348.95,23368.37,23273.96,23273.96,109474336.0,2017-10-23
23205.18,23328.84,23201.78,23328.63,128229232.0,2017-10-20
23107.47,23167.24,23052.67,23163.04,86222768.0,2017-10-19
23087.13,23172.93,23086.75,23157.6,64837552.0,2017-10-18
22952.41,23002.2,22948.23,22997.44,65931468.0,2017-10-17
22892.92,22960.12,22887.12,22956.96,64929120.0,2017-10-16
22876.43,22905.33,22855.93,22871.72,74683112.0,2017-10-13
22854.85,22884.82,22821.13,22841.01,76255584.0,2017-10-12
22827.65,22872.89,22821.66,22872.89,86708128.0,2017-10-11
22784.76,22850.51,22770.99,22830.68,78343496.0,2017-10-10
22779.73,22803.37,22739.38,22761.07,74918584.0,2017-10-09
22762.03,22773.67,22730.85,22773.67,63604172.0,2017-10-06
22669.08,22777.04,22655.14,22775.39,66902248.0,2017-10-05
22645.67,22685.94,22632.8,22661.64,66049748.0,2017-10-04
22564.45,22646.32,22562.9,22641.67,60991248.0,2017-10-03
22423.47,22559.38,22416.0,22557.6,74048120.0,2017-10-02
22358.47,22405.63,22332.96,22405.09,88016512.0,2017-09-29
22306.83,22394.74,22288.97,22381.2,75651648.0,2017-09-28
22330.93,22371.1,22254.93,22340.71,93009424.0,2017-09-27
22322.03,22369.35,22279.52,22284.32,79997888.0,2017-09-26
22320.47,22359.88,22219.11,22296.09,102604968.0,2017-09-25
22334.07,22364.31,22299.58,22349.59,84573792.0,2017-09-22
22414.02,22419.51,22356.55,22359.23,80255744.0,2017-09-21
22351.38,22413.26,22314.68,22412.59,93616064.0,2017-09-20
22349.7,22386.01,22340.71,22370.8,80954800.0,2017-09-19
22297.92,22355.62,22283.35,22331.35,81321488.0,2017-09-18
22252.44,22275.02,22214.52,22268.34,276388928.0,2017-09-15
22144.96,22216.44,22135.26,22203.48,84161896.0,2017-09-14
22103.47,22158.18,22095.79,22158.18,78255920.0,2017-09-13
22090.56,22134.57,22087.09,22118.86,96089176.0,2017-09-12
21927.79,22067.1,21927.79,22057.37,90501048.0,2017-09-11
21764.43,21846.63,21731.12,21797.79,77327648.0,2017-09-08
21820.38,21850.01,21745.71,21784.78,84964544.0,2017-09-07
21815.76,21849.24,21794.07,21807.64,89896832.0,2017-09-06
21912.37,21921.09,21709.63,21753.31,90507776.0,2017-09-05
21981.77,22038.97,21974.91,21987.56,71060728.0,2017-09-01
21936.01,21985.76,21910.5,21948.1,131658352.0,2017-08-31
21859.76,21914.26,21839.47,21892.43,73008280.0,2017-08-30
21718.0,21879.22,21673.58,21865.37,64586520.0,2017-08-29
21832.5,21861.49,21767.94,21808.4,69204944.0,2017-08-28
21819.08,21906.86,21812.81,21813.67,63934272.0,2017-08-25
21839.9,21870.11,21765.82,21783.4,67719336.0,2017-08-24
21850.27,21866.66,21808.39,21812.09,68867400.0,2017-08-23
21739.78,21912.83,21738.13,21899.89,71556952.0,2017-08-22
21671.36,21718.74,21600.34,21703.75,85502752.0,2017-08-21
21724.88,21793.35,21641.63,21674.51,103641784.0,2017-08-18
21984.74,21984.74,21750.32,21750.73,95965912.0,2017-08-17
22031.93,22085.71,22002.47,22024.87,77187344.0,2017-08-16
22029.91,22038.92,21971.48,21998.99,67615112.0,2017-08-15
21945.64,22019.23,21945.64,21993.71,70864824.0,2017-08-14
21883.32,21911.09,21842.74,21858.32,69862728.0,2017-08-11
21988.2,21988.2,21843.94,21844.01,85167168.0,2017-08-10
22022.34,22057.19,21996.69,22048.7,70957104.0,2017-08-09
22095.14,22179.11,22057.29,22085.34,67845640.0,2017-08-08
22100.2,22121.15,22081.97,22118.42,59559020.0,2017-08-07
22058.39,22092.81,22024.64,22092.81,73643272.0,2017-08-04
22007.58,22044.85,21991.32,22026.1,71271056.0,2017-08-03
22004.36,22036.1,21967.46,22016.24,89832472.0,2017-08-02
21961.42,21990.96,21940.81,21963.92,81196352.0,2017-08-01
21863.39,21929.8,21861.71,21891.12,103845792.0,2017-07-31
21787.51,21841.18,21756.12,21830.31,72970192.0,2017-07-28
21717.42,21798.47,21687.85,21796.55,111254848.0,2017-07-27
21690.38,21742.7,21683.29,21711.01,70726000.0,2017-07-26
21638.56,21670.62,21577.37,21613.43,83556792.0,2017-07-25
21577.78,21577.78,21496.13,21513.17,88378704.0,2017-07-24
21591.72,21592.61,21503.78,21580.07,109708544.0,2017-07-21
21641.54,21661.91,21576.96,21611.78,85281760.0,2017-07-20
21569.25,21640.75,21565.84,21640.75,69055776.0,2017-07-19
21589.94,21589.94,21471.14,21574.73,63976184.0,2017-07-18
21633.97,21661.81,21617.66,21629.72,70534032.0,2017-07-17
21532.77,21681.53,21521.72,21637.74,66008224.0,2017-07-14
21537.19,21568.72,21512.36,21553.09,69468632.0,2017-07-13
21467.93,21580.79,21467.93,21532.14,81783272.0,2017-07-12
21410.17,21441.62,21279.3,21409.07,70282976.0,2017-07-11
21381.23,21446.39,21371.11,21408.52,72627776.0,2017-07-10
21354.66,21425.82,21350.72,21414.34,72678784.0,2017-07-07
21423.93,21433.1,21305.38,21320.04,88100928.0,2017-07-06
21492.83,21505.36,21404.76,21478.17,79561424.0,2017-07-05
21392.3,21562.75,21391.71,21479.27,57803632.0,2017-07-03
21348.6,21426.12,21325.08,21349.63,100731784.0,2017-06-30
21487.38,21487.38,21197.08,21287.03,96138744.0,2017-06-29
21372.36,21478.75,21372.36,21454.61,76134408.0,2017-06-28
21411.19,21440.6,21310.66,21310.66,84487632.0,2017-06-27
21434.68,21506.21,21381.25,21409.55,68340344.0,2017-06-26
21380.92,21421.79,21333.89,21394.76,143179792.0,2017-06-23
21407.98,21456.47,21394.81,21397.29,78152248.0,2017-06-22
21466.39,21492.62,21390.0,21410.03,77553288.0,2017-06-21
21521.25,21535.03,21464.24,21467.14,83752008.0,2017-06-20
21444.75,21528.99,21436.08,21528.99,88364704.0,2017-06-19
21335.93,21384.42,21308.01,21384.28,288559840.0,2017-06-16
21291.69,21367.28,21261.87,21359.9,87151632.0,2017-06-15
21342.71,21391.97,21294.09,21374.56,83202464.0,2017-06-14
21256.83,21332.77,21256.83,21328.47,89255192.0,2017-06-13
21259.95,21277.08,21186.15,21235.67,135223008.0,2017-06-12
21208.96,21305.35,21159.45,21271.97,120385848.0,2017-06-09
21169.76,21265.69,21138.16,21182.53,96877968.0,2017-06-08
21171.57,21189.84,21113.31,21173.69,80769608.0,2017-06-07
21145.48,21180.47,21118.46,21136.23,79186592.0,2017-06-06
21195.03,21224.41,21168.69,21184.04,65856332.0,2017-06-05
21142.09,21225.04,21129.56,21206.29,96353776.0,2017-06-02
21030.55,21144.18,20994.22,21144.18,76950608.0,2017-06-01
21048.46,21051.7,20942.57,21008.65,135215376.0,2017-05-31
21045.49,21063.62,21009.6,21029.47,65408856.0,2017-05-30
21070.15,21092.82,21050.49,21080.28,56526068.0,2017-05-26
21062.96,21112.32,21051.41,21082.95,67988328.0,2017-05-25
20949.21,21022.82,20933.58,21012.42,73849528.0,2017-05-24
20908.67,20961.14,20896.22,20937.91,65564112.0,2017-05-23
20867.77,20914.26,20860.16,20894.83,78184464.0,2017-05-22
20698.28,20857.13,20687.94,20804.84,127292944.0,2017-05-19
20579.65,20759.2,20553.45,20663.02,109612120.0,2017-05-18
20846.17,20846.17,20601.08,20606.93,113641960.0,2017-05-17
20984.48,21033.53,20932.88,20979.75,75838712.0,2017-05-16
20923.63,21000.83,20923.63,20981.94,88617008.0,2017-05-15
20893.19,20916.1,20869.74,20896.61,75784136.0,2017-05-12
20925.72,20933.36,20798.9,20919.42,78624136.0,2017-05-11
20958.49,20976.28,20884.15,20943.11,71569888.0,2017-05-10
21022.28,21046.85,20938.04,20975.78,72595864.0,2017-05-09
20991.26,21017.89,20971.05,21012.28,79476032.0,2017-05-08
20929.04,21006.94,20905.0,21006.94,69554912.0,2017-05-05
20987.83,20990.79,20847.95,20951.47,73235344.0,2017-05-04
20915.0,20972.74,20874.18,20957.9,82426728.0,2017-05-03
20941.19,20960.92,20904.06,20949.89,91324696.0,2017-05-02
20962.73,20976.62,20898.38,20913.46,78619408.0,2017-05-01
20987.39,20987.76,20926.75,20940.51,95038120.0,2017-04-28
20991.12,21005.8,20935.8,20981.33,78967744.0,2017-04-27
21009.95,21070.9,20972.27,20975.09,84915088.0,2017-04-26
20915.51,21026.97,20909.38,20996.12,87068320.0,2017-04-25
20723.59,20792.2,20723.59,20763.89,87743888.0,2017-04-24
20578.1,20601.4,20505.33,20547.76,114289664.0,2017-04-21
20406.68,20629.78,20406.68,20578.71,85269744.0,2017-04-20
20503.52,20546.69,20379.55,20404.49,76765288.0,2017-04-19
20561.39,20600.12,20462.28,20523.28,65847940.0,2017-04-18
20484.75,20644.41,20484.75,20636.92,64131296.0,2017-04-17
20561.69,20612.27,20453.25,20453.25,66566092.0,2017-04-13
20637.95,20642.54,20553.03,20591.86,73116584.0,2017-04-12
20644.32,20660.03,20512.56,20651.3,66539608.0,2017-04-11
20668.22,20750.33,20614.86,20658.02,62838140.0,2017-04-10
20647.81,20726.07,20606.95,20656.1,62225076.0,2017-04-07
20653.77,20746.46,20612.17,20662.95,76215256.0,2017-04-06
20745.06,20887.5,20639.55,20648.15,75466264.0,2017-04-05
20634.94,20701.29,20605.3,20689.24,63255164.0,2017-04-04
20665.17,20692.34,20517.82,20650.21,85862456.0,2017-04-03
20700.34,20722.59,20660.68,20663.22,105913168.0,2017-03-31
20662.79,20753.78,20643.6,20728.49,74638304.0,2017-03-30
20675.75,20684.73,20625.03,20659.32,60501624.0,2017-03-29
20542.14,20735.61,20520.1,20701.5,83845360.0,2017-03-28
20488.35,20578.46,20412.8,20550.98,79802256.0,2017-03-27
20674.45,20718.33,20529.67,20596.72,91647592.0,2017-03-24
20645.07,20757.89,20618.62,20656.58,78993192.0,2017-03-23
20640.42,20686.21,20578.95,20661.3,90625056.0,2017-03-22
20956.33,20970.04,20653.26,20668.01,96246192.0,2017-03-21
20916.27,20955.45,20885.7,20905.86,69360576.0,2017-03-20
20965.37,20980.51,20911.07,20914.62,296221792.0,2017-03-17
20969.27,21000.11,20893.5,20934.55,73976032.0,2017-03-16
20874.78,20977.47,20859.6,20950.1,80396000.0,2017-03-15
20848.6,20874.0,20786.31,20837.37,65804868.0,2017-03-14
20899.28,20926.06,20845.71,20881.48,77941888.0,2017-03-13
20919.01,20940.29,20827.66,20902.98,86041760.0,2017-03-10
20864.32,20900.57,20777.16,20858.19,76664336.0,2017-03-09
20940.44,20951.44,20835.58,20855.73,88717920.0,2017-03-08
20934.89,20970.54,20901.26,20924.76,72663144.0,2017-03-07
20955.71,20986.43,20912.11,20954.34,79610408.0,2017-03-06
21008.75,21039.96,20953.86,21005.71,75137728.0,2017-03-03
21128.91,21129.2,20996.61,21002.97,83352968.0,2017-03-02
20957.29,21169.11,20957.29,21115.55,106042632.0,2017-03-01
20833.88,20841.24,20781.21,20812.24,111104616.0,2017-02-28
20808.71,20851.33,20774.76,20837.44,71184000.0,2017-02-27
20751.91,20821.76,20733.95,20821.76,88863568.0,2017-02-24
20817.21,20840.7,20746.41,20810.32,79939096.0,2017-02-23
20715.41,20781.59,20692.39,20775.6,84353744.0,2017-02-22
20663.43,20757.64,20663.37,20743.0,92961768.0,2017-02-21
20564.13,20624.05,20532.61,20624.05,122560864.0,2017-02-17
20627.31,20639.87,20556.83,20619.77,91758152.0,2017-02-16
20504.27,20620.45,20496.03,20611.86,98434944.0,2017-02-15
20374.22,20504.41,20374.02,20504.41,89039448.0,2017-02-14
20338.54,20441.48,20322.95,20412.2,84375328.0,2017-02-13
20211.23,20298.21,20204.76,20269.37,83163808.0,2017-02-10
20061.73,20206.36,20061.73,20172.4,87837168.0,2017-02-09
20049.29,20068.28,20015.33,20054.34,70684424.0,2017-02-08
20107.62,20155.35,20068.68,20090.29,69873408.0,2017-02-07
20025.61,20094.95,20002.81,20052.42,74700160.0,2017-02-06
19964.21,20081.48,19964.21,20071.46,88342256.0,2017-02-03
19858.34,19922.75,19831.09,19884.91,89135136.0,2017-02-02
19923.81,19967.73,19845.99,19890.94,107265440.0,2017-02-01
19913.16,19918.17,19784.77,19864.09,108031464.0,2017-01-31
20028.62,20028.62,19870.39,19971.13,86086904.0,2017-01-30
20103.36,20115.97,20072.64,20093.78,84090672.0,2017-01-27
20076.25,20125.58,20067.53,20100.91,91055040.0,2017-01-26
19994.48,20082.0,19994.48,20068.51,91337832.0,2017-01-25
19794.68,19949.24,19786.71,19912.71,88955792.0,2017-01-24
19794.79,19833.98,19732.36,19799.85,82630088.0,2017-01-23
19795.06,19843.94,19759.14,19827.25,145548752.0,2017-01-20
19813.55,19824.14,19677.94,19732.4,79208256.0,2017-01-19
19822.73,19828.2,19739.0,19804.72,74543184.0,2017-01-18
19848.82,19882.99,19775.35,19826.77,95360448.0,2017-01-17
19912.54,19952.03,19849.38,19885.73,74988296.0,2017-01-13
19926.21,19929.29,19770.47,19891.0,77018792.0,2017-01-12
19887.38,19973.42,19833.16,19954.28,91098040.0,2017-01-11
19876.35,19957.12,19836.03,19855.53,91544736.0,2017-01-10
19931.41,19943.78,19887.38,19887.38,84808840.0,2017-01-09
19906.96,19999.63,19834.08,19963.8,75691024.0,2017-01-06
19924.56,19948.6,19811.12,19899.29,72358912.0,2017-01-05
19890.94,19956.14,19878.83,19942.16,81182120.0,2017-01-04
19872.86,19938.53,19775.93,19881.76,99921304.0,2017-01-03
19833.17,19852.55,19718.67,19762.6,103790112.0,2016-12-30
19835.46,19878.44,19788.94,19819.78,52675576.0,2016-12-29
19964.31,19981.11,19827.31,19833.68,58764280.0,2016-12-28
19943.46,19980.24,19939.8,19945.04,49056616.0,2016-12-27
19908.61,19934.15,19899.06,19933.81,47038200.0,2016-12-23
19922.68,19933.83,19882.19,19918.88,78050320.0,2016-12-22
19968.97,19986.56,19941.96,19941.96,71714688.0,2016-12-21
19920.59,19987.63,19920.42,19974.62,80816232.0,2016-12-20
19836.66,19917.78,19832.95,19883.06,85520704.0,2016-12-19
19909.01,19923.17,19821.0,19843.41,263537808.0,2016-12-16
19811.5,19951.29,19811.5,19852.24,93316328.0,2016-12-15
19876.13,19966.43,19748.67,19792.53,113293648.0,2016-12-14
19852.21,19953.75,19846.45,19911.21,99395256.0,2016-12-13
19770.2,19824.59,19747.74,19796.43,99770560.0,2016-12-12
19631.35,19757.74,19623.19,19756.85,91809664.0,2016-12-09
19559.94,19664.97,19527.83,19614.81,89787984.0,2016-12-08
19241.99,19558.42,19229.83,19549.62,112146528.0,2016-12-07
19219.91,19255.89,19184.74,19251.78,77807744.0,2016-12-06
19244.35,19274.85,19186.73,19216.24,92689240.0,2016-12-05
19161.25,19196.14,19141.18,19170.42,84923904.0,2016-12-02
19149.2,19214.3,19138.79,19191.93,108805456.0,2016-12-01
19135.64,19225.29,19123.38,19123.58,164585040.0,2016-11-30
19064.07,19144.4,19062.22,19121.6,81511088.0,2016-11-29
19122.14,19138.72,19072.25,19097.9,88463176.0,2016-11-28
19093.72,19152.14,19093.72,19152.14,45897884.0,2016-11-25
19015.52,19083.76,19000.38,19083.18,77881016.0,2016-11-23
18970.39,19043.9,18962.82,19023.87,85313784.0,2016-11-22
18898.68,18960.76,18883.1,18956.69,80533336.0,2016-11-21
18905.33,18915.74,18853.83,18867.93,109896840.0,2016-11-18
18866.22,18904.03,18845.27,18903.82,89936360.0,2016-11-17
18909.85,18909.85,18825.89,18868.14,87417680.0,2016-11-16
18858.21,18925.26,18806.06,18923.06,100674432.0,2016-11-15
18876.77,18934.05,18815.75,18868.69,112258496.0,2016-11-14
18781.65,18855.78,18736.96,18847.66,107299776.0,2016-11-11
18603.14,18873.66,18603.14,18807.88,164399152.0,2016-11-10
18317.26,18650.06,18252.55,18589.69,173111104.0,2016-11-09
18251.38,18400.5,18200.75,18332.74,79851696.0,2016-11-08
17994.64,18263.3,17994.64,18259.6,93457512.0,2016-11-07
17928.35,17986.76,17883.56,17888.28,97772872.0,2016-11-04
17978.75,18006.96,17904.07,17930.67,77891416.0,2016-11-03
18017.72,18044.15,17931.89,17959.64,88656840.0,2016-11-02
18158.24,18177.01,17940.84,18037.1,101285680.0,2016-11-01
18176.6,18193.68,18130.58,18142.42,110087984.0,2016-10-31
18193.79,18257.06,18094.97,18161.19,107851384.0,2016-10-28
18234.81,18253.2,18149.2,18169.68,83562416.0,2016-10-27
18103.8,18236.04,18062.3,18199.33,86337456.0,2016-10-26
18206.52,18241.69,18151.7,18169.27,83831264.0,2016-10-25
18197.14,18275.04,18191.18,18223.03,88549496.0,2016-10-24
18152.63,18168.76,18049.77,18145.71,117844960.0,2016-10-21
18161.87,18249.05,18129.07,18162.35,88932248.0,2016-10-20
18178.21,18252.2,18169.25,18202.62,88050208.0,2016-10-19
18145.06,18225.8,18129.45,18161.94,75964608.0,2016-10-18
18135.85,18162.28,18063.02,18086.4,75966048.0,2016-10-17
18177.35,18261.11,18138.38,18138.38,87059440.0,2016-10-14
18088.32,18137.7,17959.95,18098.94,83156720.0,2016-10-13
18132.63,18193.96,18082.09,18144.2,72231920.0,2016-10-12
18308.43,18312.33,18061.96,18128.66,88619712.0,2016-10-11
18282.95,18399.96,18282.95,18329.04,72117904.0,2016-10-10
18295.35,18319.73,18149.35,18240.49,82685544.0,2016-10-07
18280.42,18288.12,18162.97,18268.5,78655568.0,2016-10-06
18205.5,18315.82,18205.5,18281.03,76210808.0,2016-10-05
18267.68,18313.77,18116.26,18168.45,79705832.0,2016-10-04
18279.6,18279.8,18203.75,18253.85,68516584.0,2016-10-03
18181.8,18369.62,18181.8,18308.15,135474896.0,2016-09-30
18322.88,18366.23,18091.64,18143.45,95890248.0,2016-09-29
18240.22,18349.86,18179.34,18339.24,97654288.0,2016-09-28
18099.21,18238.1,18052.16,18228.3,84127472.0,2016-09-27
18217.76,18217.76,18083.32,18094.83,95517808.0,2016-09-26
18377.36,18383.76,18254.84,18261.45,87187664.0,2016-09-23
18343.76,18449.88,18343.76,18392.46,73032224.0,2016-09-22
18164.96,18307.43,18121.57,18293.7,94106064.0,2016-09-21
18175.36,18227.21,18128.8,18129.96,72467008.0,2016-09-20
18154.82,18254.88,18093.05,18120.17,78088968.0,2016-09-19
18217.21,18217.21,18070.21,18123.8,278537728.0,2016-09-16
18024.91,18250.11,18015.49,18212.48,99565080.0,2016-09-15
18073.39,18163.48,17992.21,18034.77,103376152.0,2016-09-14
18262.99,18262.99,18028.06,18066.75,102831352.0,2016-09-13
18028.95,18358.69,17994.84,18325.07,103256048.0,2016-09-12
18404.17,18404.17,18085.45,18085.45,120710368.0,2016-09-09
18486.69,18506.24,18446.69,18479.91,79075296.0,2016-09-08
18527.71,18536.89,18474.77,18526.14,67589760.0,2016-09-07
18493.4,18551.54,18450.32,18538.12,83719656.0,2016-09-06
18466.01,18544.76,18439.1,18491.96,74357152.0,2016-09-02
18396.57,18430.05,18295.48,18419.3,74784608.0,2016-09-01
18436.7,18439.68,18333.56,18400.88,98255088.0,2016-08-31
18491.28,18514.29,18408.52,18454.3,68916112.0,2016-08-30
18421.29,18523.09,18419.92,18502.99,64482808.0,2016-08-29
18467.92,18572.09,18335.34,18395.4,78728000.0,2016-08-26
18471.21,18497.68,18431.46,18448.41,64482596.0,2016-08-25
18537.5,18539.15,18448.27,18481.48,72267968.0,2016-08-24
18568.94,18631.6,18545.52,18547.3,73988184.0,2016-08-23
18535.86,18570.92,18466.86,18529.42,73454184.0,2016-08-22
18585.17,18585.17,18491.24,18552.57,93169208.0,2016-08-19
18566.54,18600.82,18533.29,18597.7,70763480.0,2016-08-18
18537.09,18582.35,18468.68,18573.94,71015576.0,2016-08-17
18614.48,18614.86,18550.65,18552.02,67571400.0,2016-08-16
18588.59,18668.44,18588.59,18636.05,62365944.0,2016-08-15
18595.65,18606.06,18535.86,18576.47,61584832.0,2016-08-12
18519.08,18638.34,18519.08,18613.52,71478384.0,2016-08-11
18541.48,18561.75,18468.78,18495.66,62778144.0,2016-08-10
18538.05,18585.32,18507.75,18533.05,60093820.0,2016-08-09
18540.65,18569.31,18502.03,18529.29,71807280.0,2016-08-08
18402.8,18543.53,18402.8,18543.53,92425584.0,2016-08-05
18351.43,18397.87,18325.17,18352.05,64511692.0,2016-08-04
18313.08,18355.0,18283.23,18355.0,78571824.0,2016-08-03
18401.15,18403.65,18247.79,18313.77,89688592.0,2016-08-02
18434.5,18467.03,18355.75,18404.51,83474616.0,2016-08-01
18442.52,18466.55,18371.12,18432.24,111575536.0,2016-07-29
18461.01,18483.26,18368.82,18456.35,85806728.0,2016-07-28
18473.27,18542.39,18430.94,18472.17,111391224.0,2016-07-27
18497.37,18522.47,18387.22,18473.75,87391512.0,2016-07-26
18554.49,18555.69,18452.62,18493.06,76821696.0,2016-07-25
18524.15,18571.3,18491.59,18570.85,87718128.0,2016-07-22
18589.96,18590.44,18469.67,18517.23,86818656.0,2016-07-21
18582.7,18622.01,18555.65,18595.03,93292360.0,2016-07-20
18503.12,18562.53,18495.11,18559.01,85952824.0,2016-07-19
18521.55,18556.13,18489.84,18533.05,75546344.0,2016-07-18
18508.88,18557.43,18471.62,18516.55,123709016.0,2016-07-15
18414.3,18537.57,18414.3,18506.41,87063160.0,2016-07-14
18356.78,18390.16,18315.76,18372.12,80919024.0,2016-07-13
18259.12,18371.95,18259.12,18347.67,90229552.0,2016-07-12
18161.53,18283.9,18161.53,18226.93,80887408.0,2016-07-11
17971.22,18166.77,17971.22,18146.74,93463488.0,2016-07-08
17924.24,17984.95,17816.65,17895.88,81577176.0,2016-07-07
17807.47,17926.91,17713.45,17918.62,93003920.0,2016-07-06
17904.45,17904.45,17785.28,17840.62,103671712.0,2016-07-05
17924.24,18002.38,17916.91,17949.37,82178760.0,2016-07-01
17712.76,17930.61,17711.8,17929.99,133033352.0,2016-06-30
17456.02,17704.51,17456.02,17694.68,106378688.0,2016-06-29
17190.51,17409.72,17190.51,17409.72,112209080.0,2016-06-28
17355.21,17355.21,17063.08,17140.24,138755824.0,2016-06-27
17946.63,17946.63,17356.34,17400.75,239013312.0,2016-06-24
17844.11,18011.07,17844.11,18011.07,98139928.0,2016-06-23
17832.67,17920.16,17770.36,17780.83,89460072.0,2016-06-22
17827.33,17877.84,17799.8,17829.73,85200032.0,2016-06-21
17736.87,17946.36,17736.87,17804.87,99384640.0,2016-06-20
17733.44,17733.44,17602.78,17675.16,248724608.0,2016-06-17
17602.23,17754.91,17471.29,17733.1,91949264.0,2016-06-16
17703.65,17762.96,17629.01,17640.17,94147480.0,2016-06-15
17710.77,17733.92,17595.79,17674.82,93753640.0,2016-06-14
17830.5,17893.28,17731.35,17732.48,101700744.0,2016-06-13
17938.82,17938.82,17812.34,17865.34,90549184.0,2016-06-10
17969.98,18005.22,17915.88,17985.19,69687632.0,2016-06-09
17931.91,18016.0,17931.91,18005.05,71261896.0,2016-06-08
17936.22,18003.23,17936.22,17938.28,78762584.0,2016-06-07
17825.69,17949.68,17822.81,17920.33,71886480.0,2016-06-06
17799.8,17833.17,17689.68,17807.06,82290808.0,2016-06-03
17789.05,17838.56,17703.55,17838.56,75564072.0,2016-06-02
17754.55,17809.18,17664.79,17789.67,78538656.0,2016-06-01
17891.5,17899.24,17724.03,17787.2,147415952.0,2016-05-31
17826.85,17873.22,17824.73,17873.22,73219896.0,2016-05-27
17859.52,17888.66,17803.82,17828.29,68942776.0,2016-05-26
17735.09,17891.71,17735.09,17851.51,79192400.0,2016-05-25
17525.19,17742.59,17525.19,17706.05,86496160.0,2016-05-24
17507.04,17550.7,17480.05,17492.93,87792376.0,2016-05-23
17437.32,17571.75,17437.32,17500.94,112011944.0,2016-05-20
17514.16,17514.16,17331.07,17435.4,95532192.0,2016-05-19
17501.28,17636.22,17418.21,17526.62,79282448.0,2016-05-18
17701.46,17701.46,17469.92,17529.98,103263568.0,2016-05-17
17531.76,17755.8,17531.76,17710.71,88441136.0,2016-05-16
17711.12,17734.74,17512.48,17535.32,86656656.0,2016-05-13
17722.01,17798.19,17625.38,17720.5,88590728.0,2016-05-12
17919.03,17919.03,17711.05,17711.12,87401120.0,2016-05-11
17726.66,17934.61,17726.66,17928.35,75795032.0,2016-05-10
17743.85,17783.16,17668.38,17705.91,85600584.0,2016-05-09
17650.3,17744.54,17580.38,17740.63,80032288.0,2016-05-06
17664.48,17736.11,17615.82,17660.71,81533560.0,2016-05-05
17735.02,17738.06,17609.01,17651.26,95022480.0,2016-05-04
17870.75,17870.75,17670.88,17750.91,97076136.0,2016-05-03
17783.78,17912.35,17773.71,17891.16,80127080.0,2016-05-02
17813.09,17814.83,17651.98,17773.64,136684560.0,2016-04-29
18023.88,18035.73,17796.55,17830.76,100929104.0,2016-04-28
17996.14,18084.66,17920.26,18041.55,109131992.0,2016-04-27
17987.38,18043.77,17934.17,17990.32,92674112.0,2016-04-26
17990.94,17990.94,17855.55,17977.24,83770456.0,2016-04-25
17985.05,18026.85,17909.89,18003.75,134125288.0,2016-04-22
18092.84,18107.29,17963.89,17982.52,102843736.0,2016-04-21
18059.49,18167.63,18031.21,18096.27,100267016.0,2016-04-20
18012.1,18103.46,17984.43,18053.6,89923976.0,2016-04-19
17890.2,18009.53,17848.22,18004.16,89410040.0,2016-04-18
17925.95,17937.65,17867.41,17897.46,118193640.0,2016-04-15
17912.25,17962.14,17885.51,17926.43,84513696.0,2016-04-14
17741.66,17918.35,17741.66,17908.28,91710448.0,2016-04-13
17571.34,17744.43,17553.57,17721.25,81018048.0,2016-04-12
17586.48,17731.63,17555.9,17556.41,107111864.0,2016-04-11
17555.39,17694.51,17528.16,17576.96,79994240.0,2016-04-08
17687.28,17687.28,17484.23,17541.96,90130968.0,2016-04-07
17605.45,17723.55,17542.54,17716.05,99425440.0,2016-04-06
17718.03,17718.03,17579.56,17603.32,115225880.0,2016-04-05
17799.39,17806.38,17710.67,17737.0,85236760.0,2016-04-04
17661.74,17811.48,17568.02,17792.75,104925312.0,2016-04-01
17716.05,17755.7,17669.72,17685.09,102601440.0,2016-03-31
17652.36,17790.11,17652.36,17716.66,79334752.0,2016-03-30
17512.58,17642.81,17434.27,17633.11,86166176.0,2016-03-29
17526.08,17583.81,17493.03,17535.39,70463120.0,2016-03-28
17485.33,17517.14,17399.01,17515.73,84103104.0,2016-03-24
17588.81,17588.81,17486.27,17502.59,84238504.0,2016-03-23
17602.71,17648.94,17540.42,17582.57,95462096.0,2016-03-22
17589.7,17644.97,17551.28,17623.87,84409992.0,2016-03-21
17487.93,17620.58,17486.08,17602.3,321248576.0,2016-03-18
17321.38,17529.01,17297.65,17481.49,118004280.0,2016-03-17
17249.34,17379.18,17204.07,17325.76,118732824.0,2016-03-16
17217.15,17251.7,17120.35,17251.53,92833552.0,2016-03-15
17207.49,17275.07,17161.16,17229.13,96350576.0,2016-03-14
17014.99,17220.09,17014.99,17213.31,123436000.0,2016-03-11
17006.05,17130.11,16821.86,16995.13,117576032.0,2016-03-10
16969.17,17048.5,16947.94,17000.36,116695088.0,2016-03-09
17050.67,17072.79,16921.51,16964.1,108383352.0,2016-03-08
16991.29,17099.25,16940.48,17073.95,100297344.0,2016-03-07
16945.0,17062.38,16898.84,17006.77,106927408.0,2016-03-04
16896.17,16944.31,16820.73,16943.9,91123696.0,2016-03-03
16851.17,16900.17,16766.32,16899.32,104481208.0,2016-03-02
16545.67,16865.56,16545.67,16865.08,105053952.0,2016-03-01
16634.15,16726.12,16510.4,16516.5,126224808.0,2016-02-29
16712.7,16795.98,16623.91,16639.97,98491704.0,2016-02-26
16504.38,16697.98,16458.42,16697.29,94129856.0,2016-02-25
16418.84,16507.39,16165.86,16484.99,93666968.0,2016-02-24
16610.39,16610.39,16403.53,16431.78,98167376.0,2016-02-23
16417.13,16664.24,16417.13,16620.66,102245720.0,2016-02-22
16410.96,16410.96,16278.0,16391.99,134354640.0,2016-02-19
16483.76,16511.84,16390.43,16413.43,104960968.0,2016-02-18
16217.98,16486.12,16217.98,16453.83,124094656.0,2016-02-17
16012.39,16196.41,16012.39,16196.41,142042784.0,2016-02-16
15691.62,15974.04,15691.62,15973.84,132566416.0,2016-02-12
15897.82,15897.82,15503.01,15660.18,172078880.0,2016-02-11
16035.61,16201.89,15899.91,15914.74,122604352.0,2016-02-10
16005.41,16136.62,15881.11,16014.38,127739760.0,2016-02-09
16147.51,16147.51,15803.55,16027.05,165892704.0,2016-02-08
16417.95,16423.63,16129.81,16204.97,139024992.0,2016-02-05
16329.67,16485.84,16266.16,16416.58,131491944.0,2016-02-04
16186.2,16381.69,15960.45,16336.66,141877984.0,2016-02-03
16420.21,16420.21,16108.44,16153.54,126231064.0,2016-02-02
16453.63,16510.98,16299.47,16449.18,114464128.0,2016-02-01
16090.26,16466.3,16090.26,16466.3,217981376.0,2016-01-29
15960.28,16102.14,15863.72,16069.64,130651944.0,2016-01-28
16168.74,16235.03,15878.3,15944.46,138431424.0,2016-01-27
15893.16,16185.79,15893.16,16167.23,119502528.0,2016-01-26
16086.46,16086.46,15880.15,15885.22,123267712.0,2016-01-25
15921.1,16136.79,15921.1,16093.51,145876896.0,2016-01-22
15768.87,16038.59,15704.66,15882.68,145166176.0,2016-01-21
15989.45,15989.45,15450.56,15766.74,191876384.0,2016-01-20
16009.45,16171.96,15900.25,16016.02,144397520.0,2016-01-19
16354.33,16354.33,15842.11,15988.08,239270048.0,2016-01-15
16159.01,16482.05,16075.12,16379.05,158927776.0,2016-01-14
16526.63,16593.51,16123.2,16151.41,153555152.0,2016-01-13
16419.11,16591.35,16322.07,16516.22,117483392.0,2016-01-12
16358.71,16461.85,16232.03,16398.57,127810880.0,2016-01-11
16519.17,16651.89,16314.57,16346.45,141870704.0,2016-01-08
16888.36,16888.36,16463.63,16514.1,176387328.0,2016-01-07
17154.83,17154.83,16817.62,16906.51,120277408.0,2016-01-06
17147.5,17195.84,17038.61,17158.66,105776304.0,2016-01-05
17405.48,17405.48,16957.63,17148.94,148086160.0,2016-01-04
17590.66,17590.66,17421.16,17425.03,93717456.0,2015-12-31
17711.94,17714.13,17588.87,17603.87,59761008.0,2015-12-30
17547.37,17750.02,17547.37,17720.98,69858664.0,2015-12-29
17535.66,17536.9,17437.34,17528.27,59769996.0,2015-12-28
17593.26,17606.34,17543.95,17552.17,40348500.0,2015-12-24
17427.63,17607.92,17427.63,17602.61,92822752.0,2015-12-23
17253.55,17451.11,17242.86,17417.27,91571784.0,2015-12-22
17154.94,17272.36,17116.73,17251.62,114923208.0,2015-12-21
17495.04,17496.58,17124.31,17128.55,344599392.0,2015-12-18
17756.54,17796.76,17493.5,17495.84,115812528.0,2015-12-17
17530.85,17784.36,17483.68,17749.09,123794744.0,2015-12-16
17374.78,17627.63,17341.18,17524.91,123430720.0,2015-12-15
17277.11,17378.02,17138.47,17368.5,142546576.0,2015-12-14
17574.75,17574.75,17230.5,17265.21,134527920.0,2015-12-11
17493.17,17697.74,17474.66,17574.75,107316936.0,2015-12-10
17558.18,17767.69,17403.51,17492.3,122037392.0,2015-12-09
17703.99,17703.99,17485.39,17568.0,113723000.0,2015-12-08
17845.49,17845.49,17639.25,17730.51,99673496.0,2015-12-07
17482.68,17866.47,17482.68,17847.63,137655200.0,2015-12-04
17741.57,17780.59,17425.56,17477.67,127001400.0,2015-12-03
17883.14,17901.58,17708.2,17729.68,102860464.0,2015-12-02
17719.72,17895.5,17719.72,17888.35,103917288.0,2015-12-01
17802.84,17837.24,17719.79,17719.92,155590912.0,2015-11-30
17806.04,17830.36,17749.32,17798.49,46829488.0,2015-11-27
17820.81,17854.92,17801.83,17813.39,82551056.0,2015-11-25
17770.9,17862.6,17683.51,17812.19,127184632.0,2015-11-24
17823.61,17868.18,17751.53,17792.68,134683536.0,2015-11-23
17732.75,17914.34,17732.75,17823.81,153158640.0,2015-11-20
17739.83,17772.97,17681.98,17732.75,114647536.0,2015-11-19
17485.49,17752.16,17485.49,17737.16,106826520.0,2015-11-18
17486.99,17599.33,17451.41,17489.5,167195648.0,2015-11-17
17229.94,17483.01,17210.43,17483.01,137592432.0,2015-11-16
17439.25,17439.25,17238.89,17245.24,134706352.0,2015-11-13
17691.93,17691.93,17443.5,17448.07,113846688.0,2015-11-12
17769.5,17807.18,17696.91,17702.22,95234808.0,2015-11-11
17724.13,17768.66,17657.72,17758.21,108645816.0,2015-11-10
17900.78,17900.78,17667.78,17730.48,121239328.0,2015-11-09
17855.22,17912.04,17768.6,17910.33,107472408.0,2015-11-06
17871.25,17929.51,17779.19,17863.43,98912280.0,2015-11-05
17929.58,17964.12,17828.83,17867.58,99922288.0,2015-11-04
17819.74,17977.85,17796.02,17918.15,92324760.0,2015-11-03
17672.62,17845.9,17655.02,17828.76,100843920.0,2015-11-02
17756.6,17799.96,17662.87,17663.54,149375520.0,2015-10-30
17771.5,17786.0,17684.72,17755.8,90327648.0,2015-10-29
17586.69,17779.95,17556.71,17779.52,115657120.0,2015-10-28
17608.89,17635.18,17540.57,17581.43,116742560.0,2015-10-27
17649.57,17660.7,17602.51,17623.05,116719776.0,2015-10-26
17525.11,17679.37,17525.11,17646.7,158119920.0,2015-10-23
17180.88,17505.18,17180.88,17489.16,153220592.0,2015-10-22
17225.93,17314.99,17153.13,17168.61,107138912.0,2015-10-21
17228.47,17264.88,17147.99,17217.11,106690592.0,2015-10-20
17209.43,17235.95,17129.19,17230.54,118445104.0,2015-10-19
17141.75,17220.02,17107.35,17215.97,145905712.0,2015-10-16
16944.86,17144.42,16933.57,17141.75,122976992.0,2015-10-15
17079.08,17111.38,16887.67,16924.75,120115712.0,2015-10-14
17113.55,17172.81,17034.45,17081.89,99668080.0,2015-10-13
17082.29,17139.21,17064.58,17131.86,72502384.0,2015-10-12
17054.69,17110.88,17027.23,17084.49,103744760.0,2015-10-09
16904.17,17081.28,16859.34,17050.75,100736408.0,2015-10-08
16805.42,16963.3,16765.0,16912.29,115715728.0,2015-10-07
16774.02,16865.09,16746.03,16790.19,120021296.0,2015-10-06
16502.1,16798.37,16502.1,16776.43,127657712.0,2015-10-05
16258.25,16472.77,16013.66,16472.37,136902560.0,2015-10-02
16278.62,16348.87,16073.82,16272.01,111423264.0,2015-10-01
16057.08,16297.6,16057.08,16284.7,145790128.0,2015-09-30
16001.76,16118.89,15942.37,16049.13,121169392.0,2015-09-29
16313.26,16313.26,15981.85,16001.89,139929760.0,2015-09-28
16205.07,16465.23,16205.07,16314.67,130810968.0,2015-09-25
16257.11,16257.11,16016.36,16201.32,122236040.0,2015-09-24
16332.81,16355.29,16211.98,16279.89,86040096.0,2015-09-23
16477.45,16477.45,16221.73,16330.47,119014416.0,2015-09-22
16406.1,16578.6,16391.88,16510.19,90731400.0,2015-09-21
16674.74,16674.74,16343.76,16384.58,341708000.0,2015-09-18
16738.08,16933.43,16639.93,16674.74,129633032.0,2015-09-17
16599.51,16755.98,16593.9,16739.95,99626224.0,2015-09-16
16382.58,16644.11,16382.58,16599.85,93089328.0,2015-09-15
16450.86,16450.86,16330.87,16370.96,92665872.0,2015-09-14
16330.4,16434.76,16244.65,16433.09,104663464.0,2015-09-11
16252.57,16441.94,16212.08,16330.4,122714736.0,2015-09-10
16505.04,16664.65,16220.1,16253.57,118824848.0,2015-09-09
16109.93,16503.41,16109.93,16492.68,123915656.0,2015-09-08
16371.76,16371.76,16026.61,16102.38,127288880.0,2015-09-04
16364.34,16550.07,16317.31,16374.76,109736208.0,2015-09-03
16058.35,16352.58,16058.35,16351.38,133591912.0,2015-09-02
16528.03,16528.03,15979.95,16058.35,171401472.0,2015-09-01
16632.02,16632.02,16444.05,16528.03,141456272.0,2015-08-31
16649.42,16669.97,16535.18,16643.01,131819984.0,2015-08-28
16285.51,16666.69,16285.51,16654.77,172017232.0,2015-08-27
15676.26,16303.75,15676.26,16285.51,208432512.0,2015-08-26
15882.27,16312.94,15651.24,15666.44,213267696.0,2015-08-25
16459.75,16459.75,15370.33,15871.35,294010816.0,2015-08-24
16990.69,16990.69,16459.55,16459.75,225287920.0,2015-08-21
17345.32,17345.32,16990.69,16990.69,128562416.0,2015-08-20
17508.74,17517.19,17282.42,17348.73,104743496.0,2015-08-19
17537.3,17568.4,17486.42,17511.34,79902240.0,2015-08-18
17472.66,17551.4,17341.72,17545.18,73380592.0,2015-08-17
17410.12,17492.9,17394.06,17477.4,82148776.0,2015-08-14
17401.64,17481.78,17341.34,17408.25,88549264.0,2015-08-13
17382.93,17423.9,17125.81,17402.51,120665472.0,2015-08-12
17593.59,17593.59,17352.63,17402.84,103040648.0,2015-08-11
17375.18,17629.13,17375.18,17615.17,92438416.0,2015-08-10
17414.94,17414.94,17279.08,17373.38,81818896.0,2015-08-07
17542.61,17572.04,17362.86,17419.75,96191832.0,2015-08-06
17555.24,17661.37,17492.9,17540.47,102456728.0,2015-08-05
17596.93,17635.78,17505.5,17550.69,99072064.0,2015-08-04
17696.74,17704.76,17496.61,17598.2,87968752.0,2015-08-03
17755.87,17783.59,17671.59,17689.86,106135384.0,2015-07-31
17743.24,17761.25,17640.85,17745.98,76684592.0,2015-07-30
17631.4,17776.78,17629.2,17751.39,93158960.0,2015-07-29
17449.81,17650.07,17449.81,17630.27,103455344.0,2015-07-28
17561.78,17561.78,17399.17,17440.59,117865384.0,2015-07-27
17731.05,17756.54,17553.73,17568.53,103494232.0,2015-07-24
17853.78,17860.95,17705.03,17731.92,90130080.0,2015-07-23
17918.35,17919.35,17807.41,17851.04,112400904.0,2015-07-22
18096.67,18096.67,17868.34,17919.29,103024384.0,2015-07-21
18085.91,18137.12,18064.5,18100.41,75060792.0,2015-07-20
18117.58,18121.12,18032.06,18086.45,106553520.0,2015-07-17
18078.16,18131.61,18065.33,18120.25,85127552.0,2015-07-16
18053.38,18090.39,18010.15,18050.17,81889792.0,2015-07-15
17974.61,18072.82,17956.17,18053.58,76746520.0,2015-07-14
17787.27,17987.57,17787.27,17977.68,86394912.0,2015-07-13
17561.12,17797.49,17561.12,17760.41,85836616.0,2015-07-10
17530.38,17764.85,17530.38,17548.62,100613376.0,2015-07-09
17759.01,17759.01,17496.22,17515.42,69825672.0,2015-07-08
17684.92,17793.45,17465.68,17776.91,105863040.0,2015-07-07
17728.08,17734.36,17564.36,17683.58,90159032.0,2015-07-06
17763.32,17825.49,17687.52,17730.11,83114448.0,2015-07-02
17638.12,17801.83,17638.12,17757.91,87015280.0,2015-07-01
17599.96,17714.66,17576.5,17619.51,126477496.0,2015-06-30
17936.74,17936.74,17590.55,17596.35,116340640.0,2015-06-29
17892.03,18001.47,17892.03,17946.68,158162784.0,2015-06-26
17977.11,18036.1,17890.36,17890.36,79021360.0,2015-06-25
18141.47,18141.47,17966.07,17966.07,104994248.0,2015-06-24
18121.78,18188.81,18108.1,18144.07,75972240.0,2015-06-23
18027.63,18181.67,18027.63,18119.78,77779736.0,2015-06-22
18116.24,18117.71,18010.58,18015.95,258328160.0,2015-06-19
17944.61,18174.73,17944.61,18115.84,94469896.0,2015-06-18
17909.58,17998.0,17839.65,17935.74,92427296.0,2015-06-17
17787.43,17919.62,17774.12,17904.48,77525088.0,2015-06-16
17890.76,17890.76,17698.42,17791.17,91933008.0,2015-06-15
18035.83,18035.83,17857.07,17898.84,83819984.0,2015-06-12
18001.27,18109.77,18001.27,18039.37,89489360.0,2015-06-11
17765.38,18045.14,17765.38,18000.4,96983912.0,2015-06-10
17766.95,17817.83,17714.97,17764.04,90560872.0,2015-06-09
17849.46,17852.35,17760.61,17766.55,86302552.0,2015-06-08
17905.38,17940.78,17822.9,17849.46,89179016.0,2015-06-05
18072.47,18086.25,17877.43,17905.58,93491424.0,2015-06-04
18018.42,18168.09,18010.42,18076.27,73136728.0,2015-06-03
18033.33,18091.87,17925.33,18011.94,77574328.0,2015-06-02
18017.82,18105.83,17982.06,18040.37,85664032.0,2015-06-01
18128.12,18128.12,17967.74,18010.68,139894384.0,2015-05-29
18154.14,18154.14,18066.4,18126.12,67526184.0,2015-05-28
18045.08,18190.35,18045.08,18162.99,96420152.0,2015-05-27
18229.75,18229.75,17990.02,18041.54,109442400.0,2015-05-26
18286.87,18286.87,18217.14,18232.02,78915336.0,2015-05-22
18285.87,18314.89,18249.9,18285.74,84298928.0,2015-05-21
18315.06,18350.13,18272.56,18285.4,80187152.0,2015-05-20
18300.48,18351.36,18261.35,18312.39,87211120.0,2015-05-19
18267.25,18325.54,18244.26,18298.88,79110448.0,2015-05-18
18251.97,18272.72,18215.07,18272.56,108249680.0,2015-05-15
18062.49,18255.21,18062.49,18252.24,91615928.0,2015-05-14
18070.37,18132.79,18039.2,18060.49,85669280.0,2015-05-13
18096.16,18119.18,17924.8,18068.23,89280064.0,2015-05-12
18187.78,18199.95,18089.11,18105.17,86092208.0,2015-05-11
17933.64,18205.23,17933.64,18191.11,94983680.0,2015-05-08
17840.25,17973.07,17796.94,17924.06,80943952.0,2015-05-07
17934.81,18019.75,17733.12,17841.98,100452376.0,2015-05-06
18062.53,18086.01,17905.71,17928.2,95359712.0,2015-05-05
18026.02,18133.76,18026.02,18070.4,86037616.0,2015-05-04
17859.27,18028.89,17859.27,18024.06,91788864.0,2015-05-01
18033.33,18033.33,17774.89,17840.52,129216984.0,2015-04-30
18093.69,18096.46,17953.69,18035.53,102213168.0,2015-04-29
18035.9,18119.65,17917.36,18110.14,124942880.0,2015-04-28
18097.89,18175.56,18024.66,18037.97,123706400.0,2015-04-27
18056.42,18108.87,18009.08,18080.14,119195848.0,2015-04-24
18031.9,18133.03,17966.77,18058.69,100614760.0,2015-04-23
17950.82,18056.02,17887.76,18038.27,91368144.0,2015-04-22
18034.23,18109.7,17929.63,17949.59,95236520.0,2015-04-21
17841.18,18092.22,17841.18,18034.93,103166960.0,2015-04-20
18102.56,18102.56,17748.53,17826.3,138888736.0,2015-04-17
18106.27,18169.26,18063.86,18105.77,89572128.0,2015-04-16
18045.71,18160.52,18045.71,18112.61,113665512.0,2015-04-15
17979.11,18075.6,17905.48,18036.7,83204936.0,2015-04-14
18052.32,18107.57,17974.81,17977.04,120091520.0,2015-04-13
17956.73,18066.76,17945.55,18057.65,116437712.0,2015-04-10
17897.7,17984.22,17823.1,17958.73,86743632.0,2015-04-09
17877.62,17976.2,17822.23,17902.51,76829744.0,2015-04-08
17884.32,17983.12,17871.21,17875.42,72193688.0,2015-04-07
17755.5,17941.79,17646.8,17880.85,100852528.0,2015-04-06
17699.52,17815.03,17673.49,17763.24,87385864.0,2015-04-02
17778.52,17778.52,17585.01,17698.18,103386384.0,2015-04-01
17965.37,17965.37,17773.02,17776.12,119487784.0,2015-03-31
17727.48,18008.64,17727.48,17976.31,104086304.0,2015-03-30
17673.63,17729.14,17630.49,17712.66,103476384.0,2015-03-27
17716.27,17759.51,17579.27,17678.23,117743560.0,2015-03-26
18012.61,18041.97,17718.54,17718.54,106686896.0,2015-03-25
18110.87,18149.24,18010.44,18011.14,87206776.0,2015-03-24
18136.73,18205.93,18116.04,18116.04,98048736.0,2015-03-23
17961.13,18197.29,17961.13,18127.65,334381216.0,2015-03-20
18072.58,18072.99,17934.24,17959.03,107825856.0,2015-03-19
17846.8,18097.12,17697.52,18076.19,130948800.0,2015-03-18
17972.22,17972.22,17785.79,17849.08,82563720.0,2015-03-17
17751.24,17988.5,17751.24,17977.42,101762872.0,2015-03-16
17889.05,17889.05,17629.89,17749.31,113633432.0,2015-03-13
17626.84,17900.1,17620.49,17895.22,111558344.0,2015-03-12
17662.94,17731.78,17627.0,17635.39,102127176.0,2015-03-11
17989.56,17989.56,17662.94,17662.94,120454408.0,2015-03-10
17856.56,18031.04,17856.56,17995.72,85824768.0,2015-03-09
18135.72,18135.72,17825.15,17856.78,113355616.0,2015-03-06
18096.9,18160.35,18087.65,18135.72,75841248.0,2015-03-05
18203.37,18203.37,18029.5,18096.9,80909720.0,2015-03-04
18281.95,18281.95,18136.88,18203.37,83834800.0,2015-03-03
18134.05,18288.63,18122.59,18288.63,89794320.0,2015-03-02
18213.26,18213.26,18132.38,18132.7,101126976.0,2015-02-27
18224.41,18239.43,18157.07,18214.42,81500576.0,2015-02-26
18208.67,18244.38,18182.76,18224.57,80483152.0,2015-02-25
18112.57,18231.09,18098.73,18209.19,79345272.0,2015-02-24
18140.76,18141.21,18054.84,18116.84,83672472.0,2015-02-23
17985.77,18144.29,17878.37,18140.44,111396560.0,2015-02-20
18028.67,18028.67,17924.6,17985.77,79131832.0,2015-02-19
18045.72,18048.7,17982.2,18029.85,75143584.0,2015-02-18
18019.8,18052.01,17951.41,18047.58,98764928.0,2015-02-17
17968.65,18037.41,17961.76,18019.35,85251416.0,2015-02-13
17862.14,17975.65,17862.14,17972.38,117166016.0,2015-02-12
